-- phpMyAdmin SQL Dump
-- version 3.5.1
-- http://www.phpmyadmin.net
--
-- Servidor: localhost
-- Tiempo de generación: 30-08-2012 a las 03:04:13
-- Versión del servidor: 5.5.24-log
-- Versión de PHP: 5.3.13

SET SQL_MODE="NO_AUTO_VALUE_ON_ZERO";
SET time_zone = "+00:00";


/*!40101 SET @OLD_CHARACTER_SET_CLIENT=@@CHARACTER_SET_CLIENT */;
/*!40101 SET @OLD_CHARACTER_SET_RESULTS=@@CHARACTER_SET_RESULTS */;
/*!40101 SET @OLD_COLLATION_CONNECTION=@@COLLATION_CONNECTION */;
/*!40101 SET NAMES utf8 */;

--
-- Base de datos: `villadel_villa`
--

-- --------------------------------------------------------

--
-- Estructura de tabla para la tabla `articulos`
--

CREATE TABLE IF NOT EXISTS `articulos` (
  `id` int(11) NOT NULL AUTO_INCREMENT,
  `nombre` text NOT NULL,
  `codigo` varchar(25) NOT NULL,
  `descripcion` text NOT NULL,
  `alto` float(18,2) DEFAULT NULL,
  `ancho` float(18,2) DEFAULT NULL,
  `largo` float(18,2) DEFAULT NULL,
  `diametro` float(18,2) DEFAULT NULL,
  `peso` float(18,2) DEFAULT NULL,
  `empaque` int(11) DEFAULT '1',
  `fechaingreso` datetime NOT NULL,
  `agotado` int(11) NOT NULL DEFAULT '0',
  `inactivo` int(11) NOT NULL DEFAULT '0',
  `categoria` int(11) NOT NULL,
  `tipo` int(11) NOT NULL,
  PRIMARY KEY (`id`),
  UNIQUE KEY `codigo` (`codigo`),
  KEY `categoria_idx` (`categoria`),
  KEY `tipo_idx` (`tipo`)
) ENGINE=InnoDB  DEFAULT CHARSET=latin1 AUTO_INCREMENT=373 ;

--
-- Volcado de datos para la tabla `articulos`
--

INSERT INTO `articulos` (`id`, `nombre`, `codigo`, `descripcion`, `alto`, `ancho`, `largo`, `diametro`, `peso`, `empaque`, `fechaingreso`, `agotado`, `inactivo`, `categoria`, `tipo`) VALUES
(1, 'Comedero plástico doble con dispensador de agua.', 'LD5101', '<ul><li>Combinación de comedero y dispensador de agua.</li><li>El dispensador de agua brinda siempre agua fresca a su mascota.</li><li>Elaborado en plástico resistente.</li><li>Incluye botella y rosca para la misma.</li><li>Color:Azul/Rojo.</li></ul>\n\n\n\n\n', 6.50, 14.00, 35.50, 12.00, NULL, 1, '2012-03-02 04:28:30', 0, 0, 1, 1),
(2, 'Comedero de melamina pequeño.', 'M314', '<ul><li>Elaborado de melamina resistente.</li><li>Goma antideslizante.</li><li>Diseños exclusivos.</li><li>Superficie lisa de fácil limpieza.</li><li>Venta por unidad.</li></ul>', 5.00, NULL, NULL, 11.00, NULL, 1, '2012-03-03 10:15:05', 0, 0, 1, 1),
(3, 'Bandeja para gatos.', 'P791', '<ul><li>La bandeja sanitaria incluye un reborde que se retira fácilmente y evita que la arena se derrame.</li><li>Incluye pala que ayudará a retirar los desechos sólidos de la bandeja.</li><li>Colores de reborde: azul - marrón - amarillo.</li><li>Base color beige.</li><li>Venta por unidad.</li>\n</ul>', 19.00, 35.00, 45.00, NULL, NULL, 1, '2012-03-02 11:18:20', 0, 0, 2, 9),
(4, 'Comedero doble con dispensador de agua.', 'LD5102', '<ul><li>Combinación de comedero y dispensador de agua.</li><li>El dispensador de agua brinda siempre agua fresca a su mascota.</li><li>Elaborado en plástico resistente.</li><li>Incluye botella.</li><li>Color: Azul/Rojo.</li></ul>\n', 9.00, 20.00, 32.00, NULL, NULL, 1, '2012-07-23 04:34:09', 1, 0, 1, 1),
(5, 'Comedero de melamina.', 'M310', '<ul><li>Elaborado de melamina resistente.</li><li>Goma antideslizante.</li><li>Diseños exclusivos.</li><li>Superficie lisa de fácil limpieza.</li><li>Venta por unidad.</li></ul>', 7.00, NULL, NULL, 15.00, NULL, 1, '2012-03-03 09:57:46', 0, 0, 1, 1),
(6, 'Comedero de melamina.', 'M304', '<ul><li>Elaborado de melamina resistente.</li><li>Goma antideslizante.</li><li>Diseños exclusivos.</li><li>Superficie lisa de fácil limpieza.</li><li>Venta por unidad.</li></ul>', 6.50, NULL, NULL, 16.50, NULL, 1, '2012-03-03 09:48:31', 0, 0, 1, 1),
(7, 'Comedero de melamina.', 'M305', '<ul><li>Elaborado de melamina resistente.</li><li>Goma antideslizante.</li><li>Diseños exclusivos.</li><li>Superficie lisa de fácil limpieza.</li><li>Venta por unidad.</li></ul>', 6.00, NULL, NULL, 13.50, NULL, 1, '2012-03-03 09:49:36', 0, 0, 1, 1),
(8, 'Comedero de melamina.', 'M317', '<ul><li>Elaborado de melamina resistente.</li><li>Diseños exclusivos.</li><li>Superficie lisa de fácil limpieza.</li><li>Venta por unidad.</li></ul>', 7.00, NULL, NULL, 12.50, NULL, 1, '2012-03-03 10:17:46', 0, 0, 1, 1),
(9, 'Jaula para hamster.', 'PD651', 'Jaula para hamster con accesorios.\n', 28.00, 20.00, 31.00, NULL, NULL, 1, '2012-03-19 09:40:16', 0, 0, 6, 14),
(10, 'Comedero plástico mediano.', 'LD5014M', '<ul><li>Comedero grande plástico no toxico y muy resistente.</li><li>Superficie blanca y bordes de colores.</li> </ul>\n', NULL, 19.00, 19.00, 7.00, NULL, 1, '2012-03-05 11:33:57', 0, 0, 1, 1),
(11, 'Comedero de melamina.', 'M311', '<ul><li>De alta calidad, muy resistentes, con base antideslizante y no tóxicos. </li><li> Ha sido diseñado especialmente para perros de orejas largas; al tener una boca estrecha y alta evita que las orejas del animal entren dentro del plato y se ensucien con comida o agua cuando el perro agacha su cabeza para alimentarse. <li>Hermosos diseños decorativos.</li><li>Fácil limpieza.</li><li>Venta por unidad.</li>\n</ul>\n\n\n\n\n', 12.50, NULL, NULL, 11.50, NULL, 1, '2012-03-03 09:51:43', 0, 0, 1, 1),
(12, 'Comedero de melamina grande.', 'M308', '<ul><li>Elaborado de melamina resistente.</li><li>Goma antideslizante.</li><li>Diseños exclusivos.</li><li>Superficie lisa de fácil limpieza.</li><li>Venta por unidad.</li></ul>', 7.50, NULL, NULL, 20.00, NULL, 1, '2012-03-03 09:51:08', 0, 0, 1, 1),
(13, 'Comedero de melamina mediano.', 'M321', '<ul><li>Elaborado de melamina resistente.</li><li>Diseños exclusivos.</li><li>Superficie lisa de fácil limpieza.</li><li>Venta por unidad.</li></ul>', 7.00, NULL, 20.00, NULL, NULL, 1, '2012-07-23 03:14:46', 0, 0, 1, 1),
(14, 'Comedero de melamina mediano.', 'M319', '<ul><li>Elaborado de melamina resistente.</li><li>Diseños exclusivos.</li><li>Superficie lisa de fácil limpieza.</li><li>Venta por unidad.</li></ul>', 21.00, 22.00, NULL, 19.00, NULL, 1, '2012-03-03 10:20:52', 0, 0, 1, 1),
(15, 'Comedero de melamina doble.', 'M315', '<ul><li>Elaborado de melamina resistente.</li><li>Goma antideslizante.</li><li>Diseños exclusivos.</li><li>Superficie lisa de fácil limpieza.</li><li>Venta por unidad.</li></ul>', 7.00, NULL, 32.50, NULL, NULL, 1, '2012-03-03 10:16:38', 0, 0, 1, 1),
(16, 'Comedero de melamina grande.', 'M303', '<ul><li>Elaborado de melamina resistente.</li><li>Goma antideslizante.</li><li>Diseños exclusivos.</li><li>Superficie lisa de fácil limpieza.</li><li>Venta por unidad.</li></ul>', NULL, NULL, NULL, NULL, NULL, 1, '2012-03-03 09:47:23', 0, 0, 1, 1),
(17, 'Comedero de melamina.', 'M302', '<ul><li>Elaborado de melamina resistente.</li><li>Goma antideslizante.</li><li>Diseños exclusivos.</li><li>Superficie lisa de fácil limpieza.</li><li>Venta por unidad.</li></ul>\n', NULL, NULL, NULL, NULL, NULL, 1, '2012-03-03 09:46:32', 0, 0, 1, 1),
(18, 'Comedero de melamina.', 'M307', '<ul><li>Elaborado de melamina resistente.</li><li>Goma antideslizante.</li><li>Diseños exclusivos.</li><li>Superficie lisa de fácil limpieza.</li><li>Venta por unidad.</li></ul>', 4.00, NULL, NULL, 10.00, NULL, 1, '2012-03-03 09:50:33', 0, 0, 1, 1),
(19, 'Juguete caña de pescar.', 'CAT-328', '<ul><li> Estimula los instintos naturales de tu mascota mientras se divierte y ejercita.</li><li>Disfruta observando como tu gato se entretiene con este fantástico juguete.</li><li>Con este juguete conseguirá que su mascota haga ejercicio. <li>Podrá practicar sus técnicas de caza, acechando y abalanzandose sobre él.</li><li> Gracias a su textura natural le encantará morderlo y arañarlo.</li><li> Presentación en blister.</li><li>Venta mínima 3 unidades.</li>\n</ul>', NULL, NULL, 36.50, 5.00, NULL, 1, '2012-03-02 03:02:50', 0, 0, 2, 10),
(20, 'Comedero plástico doble grande.', 'LD5012L', '<ul><li> Elaborado en plastico.</li><li>Para servir alimento y agua simultáneamente.</li><li>La superficie lisa facilita la limpieza.</li><li>Antideslizantes en la base</li><li>Color: Rosa/Verde/Azul.</li></ul>\n', 6.20, 11.30, NULL, NULL, NULL, 1, '2012-03-02 03:50:24', 0, 0, 1, 1),
(21, 'Comedero plástico doble mediano.', 'LD5012M', '<ul><li> Elaborado en plástico.</li><li>Para servir alimento y agua simultáneamente.</li><li>La superficie lisa facilita la limpieza.</li><li>Antideslizantes en la base</li><li>Color:Rosa/Verde/Azul.</li></ul>\n', 5.30, 9.60, NULL, NULL, NULL, 1, '2012-03-02 03:50:57', 0, 0, 1, 1),
(22, 'Comedero plástico doble pequeño.', 'LD5012S', '<ul><li> Elaborado en plástico.</li><li>Para servir alimento y agua simultáneamente.</li><li>La superficie lisa facilita la limpieza.</li><li>Antideslizantes en la base</li><li>Color: Rosa/Verde/Azul.</li></ul>\n', 4.70, 8.50, NULL, NULL, NULL, 1, '2012-03-02 03:51:42', 0, 0, 1, 1),
(23, 'Comedero doble grande de acrílico.', 'LD5011L', '<ul><li> Elaborado en acrílico.</li><li>Para servir alimento y agua simultáneamente.</li><li>La superficie lisa facilita la limpieza.</li><li>Antideslizantes en la base</li><li>Color: Amarillo/Verde/Azul.</li></ul>\n\n\n \n\n\n', 6.00, 11.40, NULL, NULL, NULL, 1, '2012-06-18 10:50:17', 0, 0, 1, 1),
(28, 'Comedero doble mediano de acrílico.', 'LD5011M', '<ul><li> Elaborado en acrílico.</li><li>Para servir alimento y agua simultáneamente.</li><li>La superficie lisa facilita la limpieza.</li><li>Antideslizantes en la base</li><li>Colores: Amarillo/Verde/Azul.</li></ul>\n', 5.30, 9.80, NULL, NULL, NULL, 1, '2012-03-02 03:48:33', 0, 0, 1, 1),
(29, 'Comedero doble pequeño de acrílico.', 'LD5011S', '<ul><li> Elaborado en acrílico.</li><li>Para servir alimento y agua simultáneamente.</li><li>La superficie lisa facilita la limpieza.</li><li>Antideslizantes en la base</li><li>Color: Amarillo/Verde/Azul.</li></ul>\n', 4.70, 8.70, NULL, NULL, NULL, 1, '2012-06-18 10:52:20', 0, 0, 1, 1),
(30, 'Jaula para hamster.', 'S60', '<ul><li> Fabricada con plástico y metal, materiales de calidad y muy duraderos.</li><li>A pesar de su pequeño tamaño ofrece todo lo necesario para que un hamster se sienta seguro y relajado.</li><li>La casa de plástico sirve como refugio y lugar donde descansar.</li><li>Incluye accesorios.</li>\n</ul>\n\n\n ', 22.00, 22.00, 30.00, NULL, NULL, 1, '2012-03-20 02:29:16', 0, 0, 6, 14),
(31, 'Comedero de plástico mediano con antiresbalante.', 'LD5005M', '<ul><li> Plástico de alta calidad, muy resistente y no tóxico.</li><li>Su propio peso lo adhiere bien al piso, debido a la goma antideslizante de la base.</li><li>La superficie lisa facilita la limpieza.</li><li>Colores variados</li></ul>\n\n\n ', 6.60, NULL, NULL, 19.10, NULL, 1, '2012-03-02 03:46:35', 0, 0, 1, 1),
(32, 'Comedero de plástico pequeño con antiresbalante.', 'LD5005S', '<ul><li> Plástico de alta calidad, muy resistente y no tóxico.</li><li>Su propio peso lo adhiere bien al piso, debido a la goma antideslizante de la base</li><li>La superficie lisa facilita la limpieza.</li><li>Colores variados</li></ul>\n\n\n ', 5.60, NULL, NULL, 17.30, NULL, 1, '2012-03-02 03:47:10', 0, 0, 1, 1),
(33, 'Comedero plástico grande.', 'LD5014L', '<ul><li>Comedero grande plástico no toxico y muy resistente.</li><li>Superficie blanca y bordes de colores.</li> </ul>\n', NULL, NULL, NULL, NULL, NULL, 1, '2012-03-02 03:52:43', 0, 0, 1, 1),
(34, 'Comedero de plástico grande unicolor.', 'LD5003L', '<ul><li> Plástico de alta calidad, muy resistente y no tóxico.</li><li>Color: Amarillo/Azul/Rojo.</li></ul>\n\n\n ', 13.00, 25.00, NULL, 8.00, NULL, 1, '2012-03-02 11:17:42', 0, 0, 1, 1),
(35, 'Comedero de plástico extra grande unicolor.', 'LD5003XL', '<ul><li> Plástico de alta calidad, muy resistente y no tóxico.</li><li>Color: Rojo.</li></ul>\n\n\n ', 25.00, 31.00, NULL, 12.00, NULL, 1, '2012-03-02 11:29:52', 0, 0, 1, 1),
(36, 'Caja de pelotas deportivas.', 'FRNR654A', '<ul><li>Pack de 12 pelotas</li><li>Hecho de goma blanda de alta resistencia.</li><li> Pelotas de colores llamativos  y gran rebote que son ideales para juegos en el parque.</li><li>Empaque de cartón para exhibición.</li></ul>\n', NULL, NULL, NULL, NULL, NULL, 1, '2012-05-04 04:52:59', 0, 0, 1, 2),
(37, 'Pelota de goma dura.', 'RT1085', '<ul><li>Elaborada de plástico mu resistente.</li><li>Emite sonido cuando se mueve.</li><li>Atraerá la atención de su mascota cuando la lanza.</li><li>Ofrece horas de entretenimiento  y diversión.</li><li>Empacada por unidad.</li><li>Colores: Azul y Morado.</li></ul>\n\n\n', NULL, NULL, NULL, 7.00, NULL, 1, '2012-06-18 12:09:08', 0, 0, 1, 2),
(38, 'Pelota con dispensador de golosinas grande.', 'LD5082L', '<ul><li> Mantendrá a su perro ocupado y divertido por mucho rato.</li><li>Ideal para perros que están solos por intervalos de tiempo prolongado.</li><li>Elaborada en plástico resistente, de fácil manejo.</li><li>Empacada en caja individual.</li></ul>\n', NULL, NULL, NULL, NULL, NULL, 1, '2012-03-02 04:17:41', 0, 0, 1, 2),
(39, 'Pelota con dispensador de golosinas pequeña.', 'LD5082S', '<ul><li> Mantendrá a su perro ocupado y divertido por mucho rato.</li><li>Ideal para perros que están solos por intervalos de tiempo prolongado.</li><li>Elaborada en plástico resistente, de fácil manejo.</li><li>Empacada en caja individual.</li></ul>\n', NULL, NULL, NULL, NULL, NULL, 1, '2012-07-23 02:16:04', 1, 0, 1, 2),
(40, 'Pelota con dispensador de golosinas grande.', 'LD5124L', '<ul><li> Mantendrá a su perro ocupado y divertido por mucho rato.</li><li>Ideal para perros que están solos por intervalos de tiempo prolongado.</li><li>Elaborada en plástico resistente, de fácil manejo.</li><li>Empacada en caja individual.</li></ul>\n\n', NULL, NULL, NULL, NULL, NULL, 1, '2012-02-15 11:40:33', 0, 0, 1, 2),
(41, 'Pelota con dispensador de golosinas pequeña.', 'LD5124S', '<ul><li> Mantendrá a su perro ocupado y divertido por mucho rato.</li><li>Ideal para perros que están solos por intervalos de tiempo prolongado.</li><li>Elaborada en plástico resistente, de fácil manejo.</li><li>Empacada en caja individual.</li></ul>\n', NULL, NULL, NULL, NULL, NULL, 1, '2012-02-15 11:41:23', 0, 0, 1, 2),
(42, 'Pelota de tenis.', 'TT1001', '<ul><li>Hecha de un material duradero y resistente.</li><li>Ideales para jugar a que su mascota busque y regrese la pelota.</li><li>Disponible en varios tamaños para que todos los perros puedan divertirse con ellas.</li><li>Colores llamativos.</li><li>Empacada por unidad.</li></ul>\n\n\n\n\n', NULL, NULL, NULL, 5.00, NULL, 1, '2012-03-03 04:56:35', 0, 0, 1, 2),
(43, 'Pelota de tenis de 6.25 cms.', 'TT1002', '<ul><li>Hecha de un material duradero y resistente.</li><li>Ideales para jugar a que su mascota busque y regrese la pelota.</li><li>Disponible en varios tamaños para que todos los perros puedan divertirse con ellas.</li><li>Colores llamativos.</li><li>Empacada por unidad.</li></ul>', NULL, NULL, NULL, 6.25, NULL, 1, '2012-03-03 04:57:48', 0, 0, 1, 2),
(44, 'Pelota de tenis.', 'TT1003', '<ul><li>Hecha de un material duradero y resistente.</li><li>Ideales para jugar a que su mascota busque y regrese la pelota.</li><li>Disponible en varios tamaños para que todos los perros puedan divertirse con ellas.</li><li>Colores llamativos.</li><li>Empacada por unidad.</li></ul>', NULL, NULL, NULL, 6.25, NULL, 1, '2012-03-03 04:58:18', 0, 0, 1, 2),
(45, 'Pelota de tenis.', 'TT1004', '<ul><li>Hecha de un material duradero y resistente.</li><li>Ideales para jugar a que su mascota busque y regrese la pelota.</li><li>Disponible en varios tamaños para que todos los perros puedan divertirse con ellas.</li><li>Colores llamativos.</li><li>Empacada por unidad.</li></ul> ', NULL, NULL, NULL, 7.00, NULL, 1, '2012-03-03 04:58:58', 0, 0, 1, 2),
(46, 'Pelota de tenis de 12.5 cms.', 'TT1009', '<ul><li>Hecha de un material duradero y resistente.</li><li>Ideales para jugar a que su mascota busque y regrese la pelota.</li><li>Disponible en varios tamaños para que todos los perros puedan divertirse con ellas.</li><li>Colores llamativos.</li><li>Empacada por unidad.</li></ul>', NULL, NULL, NULL, 12.50, NULL, 1, '2012-07-23 02:14:27', 1, 0, 1, 2),
(47, 'Pelota de tenis de 10 cms.', 'TT1007', '<ul><li>Hecha de un material duradero y resistente.</li><li>Ideales para jugar a que su mascota busque y regrese la pelota.</li><li>Disponible en varios tamaños para que todos los perros puedan divertirse con ellas.</li><li>Colores llamativos.</li><li>Empacada por unidad.</li></ul>', NULL, NULL, NULL, 10.00, NULL, 1, '2012-03-03 05:00:30', 0, 0, 1, 2),
(48, 'Pelota de futbol americano.', 'TT1021', '<ul><li>Hecha de un material duradero y resistente.</li><li>Pelota de tenis en forma de fútbol americano.</li><li>Ideales para jugar a que su mascota busque y regrese la pelota.</li><li>Disponible en varios tamaños para que todos los perros puedan divertirse con ellas.</li><li>Colores llamativos.</li><li>Empacada por unidad.</li></ul>', 9.00, 21.00, NULL, NULL, NULL, 1, '2012-03-03 05:01:38', 0, 0, 1, 2),
(49, 'Pelota de vynil de 7.2 cms.', 'VT1426', '<ul><li>Fabricada de material no toxico.</li><li>El sonido que se produce al apretarla agrega atractivo a este juguete.</li><li>Es de material blando por lo que es perfecto para cachorros y perros en general.</li><li>Es un juguete que proporcionará horas de diversión y entretenimiento a tu mascota.</li><li>Colores llamativos</li><li>Empacado por unidad.</li></ul>', NULL, NULL, NULL, 7.20, NULL, 1, '2012-07-23 02:13:52', 1, 0, 1, 2),
(50, 'Pelota de vynil de 7.2 cms.', 'VT1272', '<ul><li>Fabricada de material no toxico.</li><li>El sonido que se produce al apretarla agrega atractivo a este juguete.</li><li>Es de material blando por lo que es perfecto para cachorros y perros en general.</li><li>Es un juguete que proporcionará horas de diversión y entretenimiento a tu mascota.</li><li>Colores llamativos</li><li>Empacado por unidad.</li></ul>', NULL, NULL, NULL, 7.20, NULL, 3, '2012-03-06 10:01:28', 0, 0, 1, 2),
(51, 'Pechera con paseador.', 'LHB1531', '<ul><li>Elaborada en nylon reforzado.</li><li>Acolchada y con diseños de decoración muy bonitos y exclusivos.<li>Pechera ajustable e incluye sistema de cierre mediante click para fácil uso.</li><li>Colores variados.</li><li>Venta por unidad.</li>\n</ul>', NULL, NULL, 120.00, NULL, NULL, 1, '2012-05-04 05:05:13', 0, 0, 1, 7),
(52, 'Pelota de vynil de 12 cms.', 'VT1004', '<ul><li>Fabricada de material no toxico.</li><li>El sonido que se produce al apretarla agrega atractivo a este juguete.</li><li>Es de material blando por lo que es perfecto para cachorros y perros en general.</li><li>Es un juguete perfecto para jugar al lanzar y recoger, proporcionará horas de diversión y entretenimiento a tu mascota.</li><li>Colores llamativos</li><li>Empacado por unidad.</li></ul>', NULL, NULL, NULL, 12.00, NULL, 1, '2012-07-23 02:15:10', 1, 0, 1, 2),
(53, 'Pelota de vynil de 12 cms.', 'VT1009', '<ul><li>Fabricada de material no toxico.</li><li>El sonido que se produce al apretarla agrega atractivo a este juguete.</li><li>Es de material blando por lo que es perfecto para cachorros y perros en general.</li><li>Es un juguete perfecto para jugar al lanzar y recoger, proporcionará horas de diversión y entretenimiento a tu mascota.</li><li>Colores llamativos</li><li>Empacado por unidad.</li></ul>', NULL, NULL, NULL, 12.00, NULL, 1, '2012-03-03 05:07:25', 0, 0, 1, 2),
(54, 'Pelota de vynil.', 'VT1027', '<ul><li>Fabricada de material no toxico.</li><li>El sonido que se produce al apretarla agrega atractivo a este juguete.</li><li>Es de material blando por lo que es perfecto para cachorros y perros en general.</li><li>Es un juguete perfecto para jugar al lanzar y recoger, proporcionará horas de diversión y entretenimiento a tu mascota.</li><li>Colores llamativos</li><li>Empacado por unidad.</li></ul>', NULL, NULL, NULL, 7.00, NULL, 1, '2012-07-23 02:05:28', 1, 0, 1, 2),
(55, 'Pelota de vynil.', 'VT1005', '<ul><li>Fabricada de material no toxico.</li><li>El sonido que se produce al apretarla agrega atractivo a este juguete.</li><li>Es de material blando por lo que es perfecto para cachorros y perros en general.</li><li>Es un juguete perfecto para jugar al lanzar y recoger, proporcionará horas de diversión y entretenimiento a tu mascota.</li><li>Colores llamativos</li><li>Empacado por unidad.</li></ul>', NULL, NULL, NULL, 9.00, NULL, 1, '2012-03-03 05:06:43', 0, 0, 1, 2),
(56, 'Pelota de vynil.', 'VT1292', '<ul><li>Fabricada de material no toxico.</li><li>El sonido que se produce al apretarla agrega atractivo a este juguete.</li><li>Es de material blando por lo que es perfecto para cachorros y perros en general.</li><li>Es un juguete que proporcionará horas de diversión y entretenimiento a tu mascota.</li><li>Colores llamativos</li><li>Empacado por unidad.</li></ul>', NULL, NULL, NULL, 7.00, NULL, 3, '2012-03-06 09:54:37', 0, 0, 1, 2),
(57, 'Pelota de vynil.', 'VT1424', '<ul><li>Fabricada de material no toxico.</li><li>El sonido que se produce al apretarla agrega atractivo a este juguete.</li><li>Es de material blando por lo que es perfecto para cachorros y perros en general.</li><li>Es un juguete que proporcionará horas de diversión y entretenimiento a tu mascota.</li><li>Colores llamativos</li><li>Empacado por unidad.</li></ul>', NULL, NULL, NULL, 8.00, NULL, 1, '2012-07-23 02:05:49', 1, 0, 1, 2),
(58, 'Pelota de goma corrugada.', 'RT1092M', '<ul><li>Realizada con goma muy resistente y duradera</li><li>Es hueca, con un cascabel dentro para atraer la atención con el sonido.<li>Estimula la masticación, fortaleciendo los músculos mandibulares y evitando que mastique cosas inadecuadas por aburrimiento.</li><li>Colores variados.</li><li>Empacado por unidad.</li></ul>', NULL, NULL, NULL, 6.40, NULL, 1, '2012-06-18 12:10:27', 0, 0, 1, 2),
(59, 'Pelota de vynil de 12 cms.', 'VT1026', '<ul><li>Fabricada de material no toxico.</li><li>El sonido que se produce al apretarla agrega atractivo a este juguete.</li><li>Es de material blando por lo que es perfecto para cachorros y perros en general.</li><li>Es un juguete perfecto para jugar al lanzar y recoger, proporcionará horas de diversión y entretenimiento a tu mascota.</li><li>Colores llamativos</li><li>Empacado por unidad.</li></ul>', NULL, NULL, NULL, 12.00, NULL, 1, '2012-07-23 02:04:31', 1, 0, 1, 2),
(60, 'Pelota de fútbol grande.', 'VT1251', '<ul><li>Fabricada de material no toxico.</li><li>El sonido que se produce al apretarla agrega atractivo a este juguete.</li><li>Es de material blando por lo que es perfecto para cachorros y perros en general.</li><li>Es un juguete que proporcionará horas de diversión y entretenimiento a tu mascota.</li><li>Empacado por unidad.</li></ul>', NULL, NULL, NULL, 11.50, NULL, 1, '2012-03-03 05:15:12', 0, 0, 1, 2),
(61, 'Pelota de fútbol pequeña.', 'VT1253', '<ul><li>Fabricada de material no toxico.</li><li>El sonido que se produce al apretarla agrega atractivo a este juguete.</li><li>Es de material blando por lo que es perfecto para cachorros y perros en general.</li><li>Es un juguete que proporcionará horas de diversión y entretenimiento a tu mascota.</li><li>Empacado por unidad.</li></ul>', NULL, NULL, NULL, 7.00, NULL, 1, '2012-03-03 05:15:53', 0, 0, 1, 2),
(62, 'Pelota de vynil.', 'VT1001', '<ul><li>Fabricada de material no toxico.</li><li>El sonido que se produce al apretarla agrega atractivo a este juguete.</li><li>Es de material blando por lo que es perfecto para cachorros y perros en general.</li><li>Es un juguete perfecto para jugar al lanzar y recoger, proporcionará horas de diversión y entretenimiento a tu mascota.</li><li>Colores llamativos</li><li>Empacado por unidad.</li></ul>\n\n\n\n', NULL, NULL, NULL, 11.00, NULL, 1, '2012-03-03 05:03:18', 0, 0, 1, 2),
(63, 'Bebedero para hamster.', '100ML', 'Bebedero para hamster.', NULL, NULL, NULL, NULL, NULL, 1, '2012-07-23 03:38:29', 0, 0, 6, 14),
(64, 'Pelota de latex.', 'LT1064', '<ul><li>Al estar fabricado con látex es perfecto para cachorros y perros en general.</li><li>Esta pelota emite un gracioso y sonoro pitido cada vez que el perro lo aprieta</li><li>Al ser tan blando no daña los dientes y si se ingieren pequeñas partes por accidente (especialmente en el caso de cachorros que se comen sus juguetes), estás pueden ser eliminadas sin problemas por el intestino.</li><li>Color:Blanco con rayas coloridas.</li><li>Venta por unidad.</li></ul>\n', NULL, NULL, NULL, 10.00, NULL, 1, '2012-07-23 02:13:05', 0, 0, 1, 2),
(65, 'Cordón con pelota de goma.', 'YZL052', '<ul><li>Excelente cordón elaborado de algodón con nudos.</li><li> Pelota goma que masajea las encías, estimulando el flujo sanguíneo.</li><li>Proporciona buena salud bucal.</li><li>Le dará a su mascota entretenimiento y diversión.</li><li>Empacado por unidad.</li>\n</ul>', NULL, 7.00, 34.00, NULL, NULL, 1, '2012-02-13 03:17:08', 0, 0, 1, 2),
(66, 'Cordón dental con y pelota.', 'RT2287', '<ul><li>Producto fabricado con materiales de alta calidad totalmente seguros.</li><li>Con este producto su compañero ejercitará la mandíbula mientras juega.</li><li>Resistente y garantiza ratos de diversión.</li><li>Viene con una pelota de tenis.</li><li>Colores llamativos.</li><li>Empacado por unidad.</li></ul> ', NULL, 10.00, 36.00, NULL, NULL, 1, '2012-03-03 04:02:00', 0, 0, 1, 2),
(67, 'Cordón con pelota.', 'RT2207', '<ul><li>Producto fabricado con materiales de alta calidad totalmente seguros.</li><li>Con este producto su compañero ejercitará la mandíbula mientras juega.</li><li>Resistente y garantiza ratos de diversión.</li><li>Viene con una pelota de tenis.</li><li>Colores llamativos.</li><li>Empacado por unidad.</li></ul>', NULL, NULL, 48.00, NULL, NULL, 1, '2012-03-03 03:52:26', 0, 0, 1, 2),
(68, 'Cordón trenzado con pelotas.', 'RT2271', '<ul><li>Cordón trenzado elaborado de fibra de algodón natural.</li><li>Tiene la función de limpiar los dientes de su mascota</li><li>Ideal para ejercitar y fortalecer la mandíbula.</li><li>Pelotas de tenis a los extremos, que logra mayor entretenimiento.</li><li>Colores llamativos.</li><li>Empacado por unidad.</li></ul>\n\n\n', NULL, 6.00, 19.00, NULL, NULL, 1, '2012-03-03 04:00:39', 0, 0, 1, 2),
(69, 'Cordón con pelota.', 'RT2206', '<ul><li>Producto fabricado con materiales de alta calidad totalmente seguros.</li><li>Con este producto su compañero ejercitará la mandíbula mientras juega.</li><li>Resistente y garantiza ratos de diversión.</li><li>Viene con una pelota de tenis.</li><li>Colores llamativos.</li><li>Empacado por unidad.</li></ul>', NULL, NULL, 56.00, NULL, NULL, 1, '2012-03-03 03:51:46', 0, 0, 1, 2),
(70, 'Cordón enlazado con una pelota.', 'RT2220', '<ul><li>Producto fabricado con materiales de alta calidad totalmente seguros.</li><li>Con este producto su compañero ejercitará la mandíbula mientras juega.</li><li>Resistente y garantiza ratos de diversión.</li><li>Viene con una pelota de tenis.</li><li>Colores llamativos.</li><li>Empacado por unidad.</li></ul>', NULL, NULL, 40.00, NULL, NULL, 1, '2012-03-03 03:57:39', 0, 0, 1, 2),
(71, 'Cordón bicolor con una pelota dura.', 'YZL004', '<ul><li>Excelente cordón elaborado de algodón con nudos.</li><li> Pelota goma que masajea las encías, estimulando el flujo sanguíneo.</li><li>Proporciona buena salud bucal.</li><li>Le dará a su mascota entretenimiento y diversión.</li><li>Empacado por unidad.</li>\n</ul>', NULL, NULL, 38.00, NULL, NULL, 1, '2012-03-05 11:19:22', 0, 0, 1, 2),
(72, 'Cordón bicolor con dos pelotas.', 'RT2142', '<ul><li>Fabricado en algodón muy resistente en unos llamativos colores.</li><li>Incluye dos pelotas de tenis en sus extremos y un nudo en su zona central.</li><li>Empacado por unidad.</li></ul>', NULL, NULL, 38.00, NULL, NULL, 1, '2012-06-18 11:25:01', 0, 0, 1, 2),
(73, 'Cordón con una pelota.', 'RT2304', '<ul><li>Producto fabricado con materiales de alta calidad totalmente seguros.</li><li>Con este producto su compañero ejercitará la mandíbula mientras juega.</li><li>Resistente y garantiza ratos de diversión.</li><li>Viene con una pelota grande de tenis.</li><li>Colores llamativos.</li><li>Empacado por unidad.</li></ul>', NULL, 9.00, 33.00, NULL, NULL, 1, '2012-03-03 04:02:46', 0, 0, 1, 2),
(74, 'Cordón  con una pelota.', 'RT2375', '<ul><li>Producto fabricado con materiales de alta calidad totalmente seguros.</li><li>Con este producto su compañero ejercitará la mandíbula mientras juega.</li><li>Resistente y garantiza ratos de diversión.</li><li>Viene con una pelota grande de tenis.</li><li>Colores llamativos.</li><li>Empacado por unidad.</li></ul>', NULL, 9.00, 49.00, NULL, NULL, 1, '2012-03-03 04:04:12', 0, 0, 1, 2),
(75, 'Cordón enlazado tricolor con dos pelotas.', 'RT2134', '<ul><li>Fabricado en algodón muy resistente en unos llamativos colores.</li><li>Incluye dos pelotas de tenis en sus extremos y esta enlazado en su zona central.</li><li>Empacado por unidad.</li></ul>', NULL, NULL, 33.00, NULL, NULL, 1, '2012-06-18 11:21:20', 0, 0, 1, 2),
(76, 'Cordón bicolor con dos pelotas.', 'RT2141', '<ul><li>Fabricado en algodón muy resistente en unos llamativos colores.</li><li>Incluye dos pelotas de tenis en sus extremos y un nudo en su zona central.</li><li>Empacado por unidad.</li></ul>\n\n\n', NULL, 10.00, 35.00, NULL, NULL, 1, '2012-06-18 11:24:03', 0, 0, 1, 2),
(77, 'Cordón bicolor con una pelota dura.', 'YZL067', '<ul><li>Excelente cordón elaborado de algodón con nudos.</li><li> Pelota goma que masajea las encías, estimulando el flujo sanguíneo.</li><li>Proporciona buena salud bucal.</li><li>Le dará a su mascota entretenimiento y diversión.</li><li>Empacado por unidad.</li>\n</ul>', NULL, NULL, 30.00, NULL, NULL, 1, '2012-03-05 11:26:12', 0, 0, 1, 2),
(78, 'Cordón bicolor con una pelota dura.', 'YZL003', '<ul><li>Excelente cordón elaborado de algodón con nudos.</li><li> Pelota goma que masajea las encías, estimulando el flujo sanguíneo.</li><li>Proporciona buena salud bucal.</li><li>Le dará a su mascota entretenimiento y diversión.</li><li>Empacado por unidad.</li>\n</ul>', NULL, NULL, 30.00, NULL, NULL, 1, '2012-07-23 04:37:09', 1, 0, 1, 2),
(79, 'Cordón bicolor con una pelota.', 'RT2314', '<ul><li>Producto fabricado con materiales de alta calidad totalmente seguros.</li><li>Con este producto su compañero ejercitará la mandíbula mientras juega.</li><li>Resistente y garantiza ratos de diversión.</li><li>Viene con una pelota de tenis.</li><li>Colores llamativos.</li><li>Empacado por unidad.</li></ul>', NULL, NULL, 48.00, NULL, NULL, 1, '2012-03-03 04:03:28', 0, 0, 1, 2),
(80, 'Cordón para juego.', 'RT2154', '<ul><li>Producto fabricado con materiales de alta calidad totalmente seguros.</li><li>Con este producto su compañero ejercitará la mandíbula mientras juega.</li><li>Se toma de un extremo, mientra su mascota lo ala por el otro.</li><li>Resistente y garantiza ratos de diversión.</li><li>Incluye 2 pelotas de tenis al extremo para aumentar la diversión.</li><li>Colores llamativos.</li><li>Empacado por unidad.</li></ul>\n\n\n\n\n\n', NULL, 14.00, 46.00, NULL, NULL, 1, '2012-03-03 03:46:17', 0, 0, 1, 2),
(81, 'Cordón multicolor con aza.', 'RT2086', '<ul><li>Producto fabricado con materiales de alta calidad totalmente seguros.</li><li>Con este producto su compañero ejercitará la mandíbula mientras juega.</li><li>Se toma de un extremo, mientra su mascota lo ala por el otro.</li><li>Resistente y garantiza ratos de diversión.</li><li>Colores llamativos.</li><li>Empacado por unidad.</li></ul>\n', NULL, 16.00, 47.00, NULL, NULL, 1, '2012-06-18 11:22:30', 0, 0, 1, 3),
(82, 'Cordón multicolor.', 'RT2015', '<ul><li>Cordón trenzado multicolor elaborado de fibra de algodón natural y resistente.</li><li>Tiene como función de limpiar dientes de su mascota.</li><li>Proporciona horas de diversión a la mascota.</li><li>Ideal para  evitar el aburrimiento y comportamientos inadecuados como el destrozo de muebles.</li><li>Empacado por unidad.</li></ul>', NULL, NULL, NULL, NULL, NULL, 1, '2012-06-18 12:04:22', 0, 0, 1, 3),
(83, 'Cordón con pelota de futbol americano.', 'RT2173', '<ul><li>Cordón fabricado en algodón de excelente calidad.</li><li>Ideal para razas grandes.</li><li>Pelota en el centro para lanzar y que la mascota lo devuelva.</li><li>Colores llamativos.</li><li>Empacado por unidad.</li></ul>\n\n\n', NULL, 18.00, 32.00, NULL, NULL, 1, '2012-03-03 03:50:25', 0, 0, 1, 2),
(84, 'Cordón trenzado con dos pelotas.', 'RT2170', '<ul><li>Cordón trenzado elaborado de fibra de algodón natural.</li><li>Tiene la función de limpiar los dientes de su mascota</li><li>Ideal para ejercitar y fortalecer la mandíbula.</li><li>Pelotas de tenis a los extremos, que logra mayor entretenimiento.</li><li>Colores llamativos.</li><li>Empacado por unidad.</li></ul>\n', NULL, 6.00, 36.00, NULL, NULL, 1, '2012-03-03 03:48:25', 0, 0, 1, 2),
(85, 'Cordón con pelota de futbol americano.', 'RT2174', '<ul><li>Cordón fabricado en algodón de excelente calidad.</li><li>Ideal para razas grandes.</li><li>Pelota en el centro para lanzar y que la mascota lo devuelva.</li><li>Colores llamativos.</li><li>Empacado por unidad.</li></ul>', NULL, 6.50, 37.00, NULL, NULL, 1, '2012-03-03 03:51:07', 0, 0, 1, 2),
(86, 'Cordón con pelota. ', 'RT2218', '<ul><li>Producto fabricado con materiales de alta calidad totalmente seguros.</li><li>Con este producto su compañero ejercitará la mandíbula mientras juega.</li><li>Resistente y garantiza ratos de diversión.</li><li>Viene con una pelota de tenis.</li><li>Colores llamativos.</li><li>Empacado por unidad.</li></ul>', NULL, NULL, 42.00, NULL, NULL, 1, '2012-03-03 03:56:40', 0, 0, 1, 2),
(87, 'Cordón trenzado.', 'RT4203', '<ul><li>Cordón trenzado multicolor elaborado de fibra de algodón natural y resistente.</li><li>Tiene como función de limpiar dientes de su mascota.</li><li>Proporciona horas de diversión a la mascota.</li><li>Ideal para  evitar el aburrimiento y comportamientos inadecuados como el destrozo de muebles.</li><li>Empacado por unidad.</li></ul>', NULL, 15.00, 28.00, NULL, NULL, 1, '2012-03-03 04:21:56', 0, 0, 1, 3),
(88, 'Cordón con juguete de goma.', 'RT1155', '<ul><li>Excelente cordón elaborado de algodón con nudos.</li><li> Pelota goma que masajea las encías, estimulando el flujo sanguíneo.</li><li>Proporciona buena salud bucal.</li><li>Le dará a su mascota entretenimiento y diversión.</li><li>Empacado por unidad.</li>\n</ul>\n\n\n\n', NULL, 4.00, 20.00, NULL, NULL, 1, '2012-03-03 12:02:45', 0, 0, 1, 3),
(89, 'Pelota de goma con cuerda.', 'YZK001', '<ul><li>Pelota elabora con goma dura, resistente y duradera.</li><li>Estimula la masticación, fortalece la mandíbula y evita que su mascota muerda cosas inadecuadas.</li><li> Incluye una cuerda muy resistente que le da un atractivo adicional.</li><li>Gracia a la cuerda se podrá lanzar la pelota más lejos para que su perro la recoja.</li></ul>\n\n\n\n\n', NULL, NULL, 36.00, NULL, NULL, 1, '2012-03-05 10:13:08', 0, 0, 1, 2),
(90, 'Juguete de goma con cordón.', 'RT1149', '<ul><li>Elaborado de algodón con dos nudos.</li><li> Aros de goma que masajea las encías, estimulando el flujo sanguíneo.</li><li>Proporciona buena salud bucal.</li><li>Le dará a su mascota entretenimiento y diversión.</li><li>Empacado por unidad.</li>\n</ul>', NULL, 6.00, 42.50, NULL, NULL, 1, '2012-03-03 12:00:20', 0, 0, 1, 3),
(91, 'Juguete de tela para perros.', 'RT2103', '<ul><li>Juguete saco mordedor.</li><li>Extremo con cuerda para que el cachorro y su dueño compartan el juego.</li><li>Gracias al uso de cordones se fortalece la musculatura de la mandíbula y se previene la acumulación de sarro en los dientes. </li><li>Evita el aburrimiento y conductas inadecuadas como el destrozo de muebles.</li><li>Empacado por unidad.</li>\n</ul>\n\n\n\n', NULL, 6.00, 35.00, NULL, NULL, 1, '2012-03-03 03:39:31', 0, 0, 1, 3),
(92, 'Cordón bicolor con pelota .', 'RT4055', '<ul><li>Fabricado en algodón muy resistente con colores pasteles.</li><li>Incluye dos pelotas de tenis y nudos a los extremos.</li><li>Empacado por unidad.</li></ul>', NULL, NULL, 45.00, NULL, NULL, 1, '2012-03-03 04:14:59', 0, 0, 1, 2),
(93, 'Cordón bicolor con pelota.', 'RT4054', '<ul><li>Fabricado en algodón muy resistente con colores pasteles.</li><li>Incluye dos pelotas de tenis y nudos a los extremos .</li><li>Empacado por unidad.</li></ul>', NULL, NULL, 40.00, NULL, NULL, 1, '2012-03-03 04:13:19', 0, 0, 1, 2),
(94, 'Cordón bicolor con pelota.', 'RT4056', '<ul><li>Fabricado en algodón muy resistente con colores pasteles.</li><li>Incluye dos pelotas de tenis y nudos en su zona central y a los extremos.</li><li>Empacado por unidad.</li></ul>', 47.00, NULL, 45.00, NULL, NULL, 1, '2012-03-03 04:14:00', 0, 0, 1, 2),
(95, 'Cordón bicolor con pelota .', 'RT4053', '<ul><li>Fabricado en algodón muy resistente con colores pasteles.</li><li>Incluye dos pelotas de tenis y nudos a los extremos .</li><li>Empacado por unidad.</li></ul>', NULL, NULL, 40.00, NULL, NULL, 1, '2012-03-03 04:12:02', 0, 0, 1, 2),
(96, 'Mecate con dos pelotas.', 'RT2239', '<ul><li>Fabricado en algodón muy resistente con colores llamativos.</li><li>Incluye dos pelotas de tenis y nudos a los extremos .</li><li>Empacado por unidad.</li></ul>', NULL, NULL, 34.00, NULL, NULL, 1, '2012-06-18 11:26:21', 0, 0, 1, 2),
(97, 'Mecate con juguete.', 'RT1132', '<ul><li>Elaborado de algodón con dos nudos.</li><li> Aros de goma que masajea las encías, estimulando el flujo sanguíneo.</li><li>Proporciona buena salud bucal.</li><li>Le dará a su mascota entretenimiento y diversión.</li><li>Empacado por unidad.</li>\n</ul>\n\n\n\n', NULL, 6.00, 27.00, NULL, NULL, 1, '2012-03-03 11:59:27', 0, 0, 1, 3),
(98, 'Cordón con dos pelotas.', 'RT2156', '<ul><li>Producto fabricado con materiales de alta calidad totalmente seguros.</li><li>Con este producto su compañero ejercitará la mandíbula mientras juega.</li><li>Resistente y garantiza ratos de diversión.</li><li>Viene con dos pelotas de tenis.</li><li>Colores llamativos.</li><li>Empacado por unidad.</li></ul>\n\n\n\n', NULL, 12.00, 51.00, NULL, NULL, 1, '2012-03-03 03:47:07', 0, 0, 1, 2),
(99, 'Cordón bicolor.', 'RT2017', '<ul><li>Cordón trenzado bicolor elaborado de fibra de algodón natural y resistente.</li><li>Tiene como función de limpiar dientes de su mascota.</li><li>Proporciona horas de diversión a la mascota.</li><li>Ideal para  evitar el aburrimiento y comportamientos inadecuados como el destrozo de muebles.</li><li>Empacado por unidad.</li></ul>', NULL, 3.50, 26.00, NULL, NULL, 1, '2012-03-03 12:15:31', 0, 0, 1, 3),
(100, 'Cordón bicolor.', 'RT4061', '<ul><li>Cordón trenzado bicolor elaborado de fibra de algodón natural y resistente.</li><li>Tiene como función de limpiar dientes de su mascota.</li><li>Proporciona horas de diversión a la mascota.</li><li>Ideal para  evitar el aburrimiento y comportamientos inadecuados como el destrozo de muebles.</li><li>Empacado por unidad.</li></ul>\n', NULL, NULL, 27.00, NULL, NULL, 1, '2012-06-18 11:28:19', 0, 0, 1, 3),
(101, 'Cordón bicolor.', 'RT4062', '<ul><li>Cordón trenzado bicolor elaborado de fibra de algodón natural y resistente.</li><li>Tiene como función de limpiar dientes de su mascota.</li><li>Proporciona horas de diversión a la mascota.</li><li>Ideal para  evitar el aburrimiento y comportamientos inadecuados como el destrozo de muebles.</li><li>Empacado por unidad.</li></ul>\n', NULL, NULL, 27.00, NULL, NULL, 1, '2012-06-18 12:03:35', 0, 0, 1, 3),
(102, 'Cordón tricolor corto.', 'RT2018', '<ul><li>Cordón trenzado tricolor elaborado de fibra de algodón natural y resistente.</li><li>Tiene como función de limpiar dientes de su mascota.</li><li>Proporciona horas de diversión a la mascota.</li><li>Ideal para  evitar el aburrimiento y comportamientos inadecuados como el destrozo de muebles.</li><li>Empacado por unidad.</li></ul>', NULL, 8.00, 38.00, NULL, NULL, 1, '2012-03-03 12:16:22', 0, 0, 1, 3),
(103, 'Cordón multicolor con pelota.', 'RT2043', '<ul><li>Excelente cordón elaborado de algodón con nudos.</li><li> Pelota goma que masajea las encías, estimulando el flujo sanguíneo.</li><li>Proporciona buena salud bucal.</li><li>Le dará a su mascota entretenimiento y diversión.</li><li>Empacado por unidad.</li>\n</ul>', NULL, 6.00, 27.00, NULL, NULL, 1, '2012-03-03 03:32:11', 0, 0, 1, 2),
(104, 'Cordón multicolor.', 'RT2008', '<ul><li>Cordón trenzado multicolor elaborado de fibra de algodón natural y resistente.</li><li>Tiene como función de limpiar dientes de su mascota.</li><li>Proporciona horas de diversión a la mascota.</li><li>Ideal para  evitar el aburrimiento y comportamientos inadecuados como el destrozo de muebles.</li><li>Empacado por unidad.</li></ul>\n\n\n\n', NULL, 8.00, 37.00, NULL, NULL, 1, '2012-07-23 02:02:20', 1, 0, 1, 3),
(105, 'Cordón tricolor.', 'RT2022', '<ul><li>Cordón trenzado tricolor elaborado de fibra de algodón natural y resistente.</li><li>Tiene como función de limpiar dientes de su mascota.</li><li>Proporciona horas de diversión a la mascota.</li><li>Ideal para  evitar el aburrimiento y comportamientos inadecuados como el destrozo de muebles.</li><li>Empacado por unidad.</li></ul>\n', NULL, 3.50, 36.00, NULL, NULL, 1, '2012-03-03 12:17:55', 0, 0, 1, 3),
(106, 'Cordón multicolor.', 'RT2031', '<ul><li>Cordón trenzado multicolor elaborado de fibra de algodón natural y resistente.</li><li>Tiene como función de limpiar dientes de su mascota.</li><li>Proporciona horas de diversión a la mascota.</li><li>Ideal para  evitar el aburrimiento y comportamientos inadecuados como el destrozo de muebles.</li><li>Empacado por unidad.</li></ul>\n', NULL, 5.00, 50.00, NULL, NULL, 1, '2012-03-03 12:21:45', 0, 0, 1, 3),
(107, 'Cordón doble multicolor. ', 'RT2029', '<ul><li>Cordón trenzado multicolor elaborado de fibra de algodón natural y resistente.</li><li>Tiene como función de limpiar dientes de su mascota.</li><li>Proporciona horas de diversión a la mascota.</li><li>Ideal para  evitar el aburrimiento y comportamientos inadecuados como el destrozo de muebles.</li><li>Empacado por unidad.</li></ul>', NULL, 6.00, 34.00, NULL, NULL, 1, '2012-06-18 11:11:30', 0, 0, 1, 3),
(108, 'Cordón multicolor con lazo.', 'RT2036', '<ul><li>Cordón trenzado multicolor elaborado de fibra de algodón natural y resistente.</li><li>Tiene como función de limpiar dientes de su mascota.</li><li>Proporciona horas de diversión a la mascota.</li><li>Ideal para  evitar el aburrimiento y comportamientos inadecuados como el destrozo de muebles.</li><li>Empacado por unidad.</li></ul>', NULL, 6.00, 34.00, NULL, NULL, 1, '2012-03-03 03:28:47', 0, 0, 1, 3),
(109, 'Cordón bicolor con nudo.', 'RT2401', '<ul><li>Cordón trenzado bicolor elaborado de fibra de algodón natural y resistente.</li><li>Tiene como función de limpiar dientes de su mascota.</li><li>Proporciona horas de diversión a la mascota.</li><li>Ideal para  evitar el aburrimiento y comportamientos inadecuados como el destrozo de muebles.</li><li>Empacado por unidad.</li></ul>', NULL, NULL, 45.00, NULL, NULL, 1, '2012-03-03 04:05:49', 0, 0, 1, 3),
(110, 'Cordón dental.', 'RT2112', '<ul><li>Cordón trenzado bicolor elaborado de fibra de algodón natural y resistente.</li><li>Tiene como función de limpiar dientes de su mascota.</li><li>Proporciona horas de diversión a la mascota.</li><li>Ideal para  evitar el aburrimiento y comportamientos inadecuados como el destrozo de muebles.</li><li>Empacado por unidad.</li></ul>', NULL, 6.00, 38.00, NULL, NULL, 1, '2012-03-03 03:41:42', 0, 0, 1, 3),
(111, 'Cordón tricolor con nudo.', 'RT2026', '<ul><li>Cordón trenzado tricolor elaborado de fibra de algodón natural y resistente.</li><li>Tiene como función de limpiar dientes de su mascota.</li><li>Proporciona horas de diversión a la mascota.</li><li>Ideal para  evitar el aburrimiento y comportamientos inadecuados como el destrozo de muebles.</li><li>Empacado por unidad.</li></ul>\n', NULL, 3.50, 36.00, NULL, NULL, 1, '2012-06-18 11:16:25', 0, 0, 1, 3),
(112, 'Plaquita en forma de huella.', 'EPA80026', '<ul><li>Adorno colgante para el collar del perro.</li><li>Tiene la forma de una simpática huella con su interior esmaltado.</li><li>Perfecto para adornar el collar de la mascota, dándole un toque más sofisticado y glamuroso.</li><li>Color negro.</li><li>Empaque de 6 unidades.</li></ul>\n', NULL, NULL, NULL, NULL, NULL, 1, '2012-07-27 09:24:14', 1, 0, 1, 5),
(113, 'Cepillo rectangular doble-cara.', '807', '<ul><li>Doble uso.</li>\n<li>Mango fuerte y resistente de madera.</li>\n<li>Cerdas de alambres para desenredar el pelaje.</li>\n<li>Cerdas suaves para el cepillado diario que aporta brillo al pelo.</li><li>Empacado en blister por unidad.</li>\n</ul>', 17.00, 10.00, NULL, NULL, NULL, 1, '2012-07-23 04:40:41', 1, 0, 1, 5),
(114, 'Cepillo ovalado doble-cara grande.', '812', '<ul><li>Doble uso.</li>\n<li>Mango fuerte y resistente de madera.</li>\n<li>Cerdas de alambres elaborado con puntas cómodas especial para desenredar el pelaje sin lastimar la piel de su mascota.</li>\n<li>Cerdas suaves para el cepillado diario.</li><li>Empacado en blister por unidad.</li>\n</ul', 23.50, 7.00, NULL, NULL, NULL, 1, '2012-03-02 11:51:54', 0, 0, 1, 5),
(115, 'Cepillo Ovalado Mediano.', '816', '<ul><li>Doble uso.</li>\n<li>Mango fuerte y resistente de madera oscura.</li>\n<li>Cerdas de alambres elaborado con puntas cómodas especial para desenredar el pelaje sin lastimar la piel de su mascota.</li>\n<li>Cerdas suaves para el cepillado diario.</li><li>Empacado en blister por unidad.</li>\n</ul>\n', 21.50, 6.00, NULL, NULL, NULL, 1, '2012-03-02 12:07:15', 0, 0, 1, 5),
(116, 'Cepillo ovalado doble-cara pequeño.', '814', '<ul><li>Doble uso.</li>\n<li>Mango fuerte y resistente de madera oscura.</li>\n<li>Cerdas de alambres elaborado con puntas cómodas especial para desenredar el pelaje sin lastimar la piel de su mascota.</li>\n<li>Cerdas suaves para el cepillado diario.</li><li>Empacado en blister por unidad.</li>\n</ul>', 17.50, 5.00, NULL, NULL, NULL, 1, '2012-03-06 04:01:56', 0, 0, 1, 5),
(117, 'Cepillo de madera doble uso grande.', '815', '<ul>\n<li>Doble uso.</li><li>Mango fuerte y resistente de madera.</li><li>Cerdas de alambres elaborado con puntas cómodas especial para desenredar el pelaje sin lastimar la piel de su mascota.</li><li>Cerdas suaves para el cepillado diario.</li><li>Empacado en blister por unidad.</li></ul></ul>\n', 23.50, 7.00, NULL, NULL, NULL, 1, '2012-03-02 12:03:10', 0, 0, 1, 5),
(118, 'Cepillo de madera doble uso mediano.', '813-1', '<ul><li>Doble uso.</li>\n<li>Mango fuerte y resistente de madera.</li>\n<li>Cerdas de alambres elaborado con puntas cómodas especial para desenredar el pelaje sin lastimar la piel de su mascota.</li>\n<li>Cerdas suaves para el cepillado diario.</li><li>Empacado en blister por unidad.</li>\n</ul>', 21.50, 6.00, NULL, NULL, NULL, 1, '2012-03-02 11:54:33', 0, 0, 1, 5),
(119, 'Cepillo de madera doble uso pequeño.', '817', '<ul><li>Doble uso.</li>\n<li>Mango de madera fuerte y resistente.</li>\n<li>Cerdas de alambres elaborado con puntas cómodas especial para desenredar el pelaje sin lastimar la piel de su mascota.</li>\n<li>Cerdas suaves para el cepillado diario.</li><li>Empacado en blister por unidad.</li>\n</ul>', 17.50, 5.00, NULL, NULL, NULL, 1, '2012-03-02 12:08:06', 0, 0, 1, 5),
(120, 'Cepillo de alambre grande.', 'F238', '<ul><li>Especialmente recomendado para perros con el pelo largo.</li><li>Sus gruesas púas consiguen dar un acabado perfecto, eliminan la suciedad, los nudos y los pelos sueltos.</li><li>Las cerdas de acero penetran profundamente para sacar la suciedad y los residuos.</li><li>Mango fuerte y resistente.</li><li>El uso frecuente de cepillos y peines consiguen eliminar el pelo muerto y previenen los enredos, manteniendo el pelaje de tu mascota en perfectas condiciones.</li></ul>\n\n\n', 27.00, 7.50, NULL, NULL, NULL, 1, '2012-03-02 03:18:49', 0, 0, 1, 5),
(121, 'Cepillo doble uso.', 'F237', '<ul><li>Doble función para mascotas de pelo corto o largo.</li><li>Cerdas suaves para el cepillado diario, que aporta brillo al pelo.</li><li>Cerdas de alambre con puntas redondeada para no lastimar ni irritar la piel de la mascota.</li><li>Mango fuerte y resistente.</li><li>Empacado en blister por unidad.</li></ul>\n\n\n\n', 23.00, 7.50, NULL, NULL, NULL, 1, '2012-03-02 03:18:21', 0, 0, 1, 5),
(122, 'Cepillo tipo raqueta.', 'H9502P', '<ul><li>Elimina el pelo no deseado muerto.</li><li>Ideal para perros de pelo rizado.</li><li>Aunque sus cerdas son metálicas, son muy suaves y sus puntas no lastiman la piel del  perro.</li><li> Usar en sentido del pelo para desenredar y quitar basuras alojadas allí.</li><li>Usar a contrapelo para lograr mayor volumen.</li><ul></ul>\n\n\n\n\n\n\n', 14.00, 9.00, NULL, NULL, NULL, 1, '2012-06-18 11:01:39', 0, 0, 1, 5),
(123, 'Cepillo tipo raqueta.', 'J9502P', '<ul><li>Elimina el pelo no deseado muerto.</li><li>Ideal para perros de pelo rizado.</li><li>Aunque sus cerdas son metálicas, son muy suaves y sus puntas no lastiman la piel del  perro.</li><li> Usar en sentido del pelo para desenredar y quitar basuras alojadas allí.</li><li>Usar a contrapelo para lograr mayor volumen.</li></ul>\n', 14.00, 9.00, 14.00, NULL, NULL, 1, '2012-06-18 11:06:40', 0, 0, 1, 5),
(124, 'Cepillo de alambre ovalado.', 'F221', '<ul><li>Sus finos dientes metálicos están situados de forma tupida para eliminar una gran cantidad de pelo muerto con cada pasada.</li><li>El mango ergonómico es muy cómodo permitiendo trabajar con esta herramienta con facilidad y precisión.</li><li>Puede usarse en perros de cualquier tamaño y tipo de pelaje.</\nli><li>Empacado en blister por unidad</li></ul>\n\n', 22.00, 13.50, NULL, NULL, NULL, 1, '2012-03-02 03:16:13', 0, 0, 1, 5),
(125, 'Cepillo de alambre ovalado', 'F223', '<ul><li>Sus finos dientes metálicos están situados de forma tupida para eliminar una gran cantidad de pelo muerto con cada pasada.</li><li>El mango ergonómico es muy cómodo permitiendo trabajar con esta herramienta con facilidad y precisión.</li><li>Puede usarse en perros de cualquier tamaño y tipo de pelaje.</\nli><li>Empacado en blister por unidad.</li></ul>\n', 16.00, 9.50, NULL, NULL, NULL, 1, '2012-03-02 03:16:41', 0, 0, 1, 5),
(126, 'Cepillo tipo raqueta con sistema de auto-limpieza.', 'LD3108', '<ul><li>Permite expulsar el pelo acumulado con sólo presionar un botón.</li><li>Desenreda el pelo de su mascota, otorgándole un pelaje suave y manejable.</li><li>Las cerdas son de alambre y el mango de plástico con forma anatómica.</li><li>Color azul y negro.</li><li>Empacado en blister individual.</li></ul>\n\n\n', 18.00, 10.30, NULL, NULL, NULL, 1, '2012-03-02 03:43:44', 0, 0, 1, 5),
(127, 'Cepillo con sistema de auto-limpieza .', 'LD3109', '<ul><li>Permite expulsar el pelo acumulado con sólo presionar un botón.</li><li>Desenreda el pelo de su mascota, otorgándole un pelaje suave y manejable.</li><li>Las cerdas son de alambre y el mango de plástico con forma anatómica.</li><li>Color azul y negro.</li><li>Empacado en blister individual.</li></ul>\n\n', 16.50, 8.20, NULL, NULL, NULL, 1, '2012-03-02 03:43:07', 0, 0, 1, 5);
INSERT INTO `articulos` (`id`, `nombre`, `codigo`, `descripcion`, `alto`, `ancho`, `largo`, `diametro`, `peso`, `empaque`, `fechaingreso`, `agotado`, `inactivo`, `categoria`, `tipo`) VALUES
(128, 'Cepillo de goma.', 'GR1309', '<ul><li>Indicado especialmente para los perros de pelo corto.</li><li>Proporciona un agradable masaje</li><li>Estimula la circulación y ayuda a regular la producción de la grasa natural del pelo.</li><li>Brinda cuerpo, brillo y protección al pelaje.</li><li>Color azul.</li><li>Empacado en blister por unidad.</li></ul>\n\n\n', 14.00, 9.50, NULL, NULL, NULL, 1, '2012-03-02 03:24:31', 0, 0, 1, 5),
(129, 'Corta uñas para perros tipo guillotina.', 'LD3158', '<ul><li>Su forma especialmente diseñada permite un corte preciso de manera que las uñas de su mascota se mantendrán siempre cortas.</li><li>Sistema de cierre para mayor seguridad.</li><li>Color: negro y rojo.</li></ul>\n', 14.00, 8.00, NULL, NULL, NULL, 1, '2012-02-15 11:35:12', 0, 0, 1, 5),
(130, 'Corta uñas para perro.', '517', '<ul><li>Fácil de calcular el final de la uña, para cortar solo el extremo y no causar daño.</li><li>Cierre de seguridad.</li><li>Mango plástico para mejor agarre.</li><li>Empacado por unidad.</li> </ul>', 16.00, 5.00, NULL, NULL, NULL, 1, '2012-07-23 01:49:21', 1, 0, 1, 5),
(131, 'Corta uñas para perros pequeña.', '608', '<ul><li>Fácil de Calcular el final de la uña, para cortar solo el extremo y no causar daño.</li><li>Cierre de seguridad.</li><li>Mango plástico para mejor agarre.</li><li>Empacado por unidad.</li> </ul>', 14.00, 4.50, NULL, NULL, NULL, 1, '2012-07-27 08:45:47', 1, 0, 1, 5),
(132, 'Corta uñas para perros tipo guillotina.', 'LD3106', '<ul><li>Su forma especialmente diseñada permite un corte preciso de manera que las uñas de su mascota se mantendrán siempre cortas.</li><li>Sistema de cierre para mayor seguridad.</li><li>Unicolor Rosado</li><li>Empacado en blister individual.</li></ul>\n\n\n\n\n', 12.00, 7.00, NULL, NULL, NULL, 1, '2012-03-02 03:41:55', 0, 0, 1, 5),
(133, 'Caja de pelotas deportivas.', 'FRN654B', '<ul><li>Pack de 12 pelotas</li><li>Hecho de goma blanda de alta resistencia.</li><li> Pelotas de colores llamativos  y gran rebote que son ideales para juegos en el parque.</li><li>Empaque de cartón para exhibición.</li></ul>\n\n', NULL, NULL, NULL, 6.00, NULL, 1, '2012-05-04 04:48:42', 0, 0, 1, 2),
(134, 'Soplador de tres salida.', 'TD-903', '<ul><li>Fácil mantenimiento, no requiere cambio de piezas.</li><li>Posee filtro en las bocas de entrada y salida para evitar el paso de desperdicio al motor.</li><li>Funciona a temperatura ambiente para contribuir con las medidas preventivas para la conservación de la capa de ozono.</li><li>3 velocidades, entre 3000 y 4500 RPM, 3 mangueras flexibles hasta máximo 3 metros de longitud.</li><li>Bases para conectar las mangueras con la jaula.</li></ul>\n\n\n', NULL, 45.00, 60.00, NULL, NULL, 1, '2012-03-03 04:55:45', 0, 0, 1, 17),
(135, 'Pelota de mecate.', 'RT2069', 'Pelota de mecate.', NULL, NULL, NULL, 7.00, NULL, 3, '2012-03-06 08:33:54', 0, 0, 1, 2),
(136, 'Paseador trenzado.', 'LK1502S', '<ul><li>Tiene una resistencia especial, ya que está hecha de manera redondeada, lo que la hace suave y sólida a la vez.</li><li>Ofrece firmeza al sujetar a su perro a corta distancia.</li><li>Ideal para razas grandes.</li><li>Es sencilla, cómoda. útil y fácil de lavar.</li><li>Cáncamo resistente.</li><li>Disponible en color negro/gris.</li><li>Venta por unidad.</li></ul>\n\n\n\n ', NULL, NULL, 60.00, 1.60, NULL, 1, '2012-03-03 09:39:41', 0, 0, 1, 4),
(137, 'Paseador de nylon trenzado bicolor. ', 'LD8068', '<ul><li>Tiene una resistencia especial, ya que está hecha de manera redondeada, lo que la hace suave y sólida a la vez.</li><li>Ofrece firmeza al sujetar a su perro a corta distancia.</li><li>Ideal para razas grandes.</li><li>Es sencilla, cómoda, útil y fácil de lavar.</li><li>Cáncamo resistente.</li><li>Disponible en color dorado/negro.</li><li>Venta por unidad.</li></ul>\n', NULL, NULL, 60.00, NULL, NULL, 1, '2012-06-18 12:13:00', 0, 0, 1, 4),
(138, 'Paseador de nylon trenzado corto con resorte.', 'LD8048', '<ul><li>Tiene una resistencia especial, ya que está hecha de manera redondeada, lo que la hace suave y sólida a la vez.</li><li>Ofrece firmeza al sujetar a su perro a corta distancia.</li><li>Ideal para razas grandes.</li><li>Es sencilla, cómoda. útil y fácil de lavar.</li><li>Cáncamo resistente y resortera para mejor dominio.</li><li>Disponible en colores variados.</li><li>Venta por unidad.</li></ul>\n', NULL, NULL, 60.00, NULL, NULL, 1, '2012-06-18 01:40:07', 0, 0, 1, 4),
(139, 'Paseador trenzado.', 'LK1802', '<ul><li>Tiene una resistencia especial, ya que está hecha de manera redondeada, lo que la hace suave y sólida a la vez.</li><li>Ofrece firmeza al sujetar a su perro.</li><li>Es sencilla, cómoda. útil y fácil de lavar.</li><li>Cáncamo resistente.</li><li>Disponible en color negro/gris.</li><li>Venta por unidad.</li></ul>\n\n\n\n', NULL, NULL, 120.00, 1.60, NULL, 1, '2012-03-03 09:40:45', 0, 0, 1, 4),
(140, 'Paseador trenzado.', 'LK1803', '<ul><li>Tiene una resistencia especial, ya que está hecha de manera redondeada, lo que la hace suave y sólida a la vez.</li><li>Ofrece firmeza al sujetar a su perro.</li><li>Es sencilla, cómoda. útil y fácil de lavar.</li><li>Cáncamo resistente.</li><li>Disponible en color azul/rojo.</li><li>Venta por unidad.</li></ul>', NULL, 1.50, 120.00, NULL, NULL, 1, '2012-03-03 09:41:18', 0, 0, 1, 4),
(141, 'Paseador de nylon trenzado largo.', 'LD8070-15', '<ul><li>Tiene una resistencia especial, ya que está hecha de manera redondeada, lo que la hace suave y sólida a la vez.</li><li>Ofrece firmeza al sujetar a su perro.</li><li>Es sencilla, cómoda. útil y fácil de lavar.</li><li>Cáncamo resistente.</li><li>Disponible en color rojo/negro, rojo/azul.</li><li>Venta por unidad.</li></ul>', NULL, 2.20, 120.00, NULL, NULL, 1, '2012-06-18 01:43:02', 0, 0, 1, 4),
(142, 'Paseador de nylon con resorte.', 'LD8047-15', '<ul><li>Tiene una resistencia especial, ya que está hecha de manera redondeada, lo que la hace suave y sólida a la vez.</li><li>Ofrece firmeza al sujetar a su perro.</li><li>Es sencilla, cómoda. útil y fácil de lavar.</li><li>Cáncamo resistente y resorte para mejor dominio</li><li>Colores variados.</li><li>Venta por unidad.</li></ul>', NULL, 1.50, 120.00, NULL, NULL, 1, '2012-06-18 01:41:38', 0, 0, 1, 4),
(143, 'Caja de pelotas deportivas.', 'FRM654E', '<ul><li>Pack de 12 pelotas</li><li>Hecho de goma blanda de alta resistencia.</li><li> Pelotas de colores llamativos  y gran rebote que son ideales para juegos en el parque.</li><li>Empaque de cartón para exhibición.</li></ul>\n\n\n\n', NULL, NULL, NULL, 6.00, NULL, 1, '2012-05-04 04:45:10', 0, 0, 1, 2),
(145, 'Paseador de cadena.', 'SHL1612', '<ul><li>Material de excelente calidad.</li><li>Gran resistencia.</li><li>Uso cómodo y practico</li><li>Cáncamo resistente.</li><li>Extremo de cuero para mayor seguridad durante el paseo.</li></ul>\n\n\n', NULL, NULL, 120.00, NULL, NULL, 1, '2012-03-03 04:35:37', 0, 0, 1, 4),
(146, 'Paseador de cadena.', 'SHL2012', '<ul><li>Material de excelente calidad.</li><li>Gran resistencia.</li><li>Uso cómodo y practico</li><li>Cáncamo resistente.</li><li>Extremo de cuero para mayor seguridad durante el paseo.</li></ul>\n', NULL, NULL, 120.00, NULL, NULL, 1, '2012-03-03 04:37:02', 0, 0, 1, 4),
(147, 'Paseador de cadena.', 'SHL2512', '<ul><li>Material de excelente calidad.</li><li>Gran resistencia.</li><li>Uso cómodo y practico</li><li>Cáncamo resistente.</li><li>Extremo de cuero para mayor seguridad durante el paseo.</li></ul>\n', NULL, NULL, 120.00, NULL, NULL, 1, '2012-03-03 04:38:18', 0, 0, 1, 4),
(148, 'Paseador de cadena.', 'SHL3012', '<ul><li>Material de excelente calidad.</li><li>Gran resistencia.</li><li>Uso cómodo y practico</li><li>Cáncamo resistente.</li><li>Extremo de cuero para mayor seguridad durante el paseo.</li></ul>\n', NULL, NULL, 120.00, NULL, NULL, 1, '2012-03-03 04:38:56', 0, 0, 1, 4),
(149, 'Paseador de cadena.', 'SHL3512', '<ul><li>Material de excelente calidad.</li><li>Gran resistencia.</li><li>Uso cómodo y practico</li><li>Cáncamo resistente.</li><li>Extremo de cuero para mayor seguridad durante el paseo.</li></ul>\n', NULL, NULL, 120.00, NULL, NULL, 1, '2012-03-03 04:40:03', 0, 0, 1, 4),
(150, 'Paseador de cadena.', 'SHL4012', '<ul><li>Material de excelente calidad.</li><li>Gran resistencia.</li><li>Uso cómodo y practico</li><li>Cáncamo resistente.</li><li>Extremo de cuero para mayor seguridad durante el paseo.</li></ul>\n', NULL, NULL, 120.00, NULL, NULL, 1, '2012-03-03 04:40:42', 0, 0, 1, 4),
(151, 'Paseador de cadena.', 'SHL4060', '<ul><li>Material de excelente calidad.</li><li>Gran resistencia.</li><li>Uso cómodo y practico</li><li>Cáncamo resistente.</li><li>Extremo de cuero para mayor seguridad durante el paseo.</li></ul>\n', NULL, NULL, 60.00, NULL, NULL, 1, '2012-03-03 04:41:19', 0, 0, 1, 4),
(152, 'Pechera con paseador estampado.', 'LD8056-10', '<ul><li>Elaborado en nylon.</li><li>Suave y cómodo de llevar.</li><li>Pechera ajustable sin niveles.</li> <li> Cierre práctico.</li><li>Muy buena relación de precio y calidad.</li><li>Venta por unidad.</li></ul>\n\n\n\n\n\n', NULL, 1.00, 120.00, NULL, NULL, 1, '2012-03-03 09:23:31', 0, 0, 1, 7),
(153, 'Pechera con paseador.', 'LD8035-12', '<ul><li>Elaborada en nylon reforzado.</li><li>Acolchada y con diseños de decoración muy bonitos y exclusivos.<li>Pechera ajustable e incluye sistema de cierre mediante click para fácil uso.</li> <li>Argollas metálicas muy resistentes para sujeción del paseador.</li> <li>Colores variados.</li><li>Venta por unidad.</li>\n</ul>', NULL, 1.20, 120.00, NULL, NULL, 1, '2012-06-18 01:47:13', 0, 0, 1, 7),
(154, 'Pechera con paseador.', 'LD8001-10', '<ul><li>Elaborado de nylon de gran calidad.</li><li>Suave y cómodo de llevar.</li><li>Pechera ajustable sin niveles.</li> <li> Cierre práctico.</li><li>Muy buena relación de precio y calidad.</li><li>Unicolor estampado con huellas.</li><li>Venta por unidad.</li></ul>\n', NULL, 1.00, 120.00, NULL, NULL, 1, '2012-03-03 09:01:41', 0, 0, 1, 7),
(155, 'Jaula para hamster.', 'S51', '<ul><li> Fabricada con plástico y metal</li> <li> La parte inferior de la jaula es una bandeja plástica con bordes altos que evitan que el lecho se derrame.</li><li>Gracias a su diseño garantiza una perfecta ventilación y circulación del aire.</li><li>Contiene los elementos básico que necesita un hamster para vivir por lo que es perfecta como primer hogar para tu mascota.</li>\n\n\n</ul>', 15.00, 19.00, 27.00, NULL, NULL, 1, '2012-03-20 02:10:03', 0, 0, 6, 14),
(156, 'Pechera con paseador estampado.', 'LHB1015', '<ul><li>Elaborada en nylon reforzado.</li><li>Acolchada y con diseños de decoración muy bonitos y exclusivos.<li>Pechera ajustable e incluye sistema de cierre mediante click para fácil uso.</li> <li>Argollas metálicas muy resistentes para sujeción del paseador.</li> <li>Color rosado.</li><li>Empacada en blister por unidad.</li>\n</ul>', NULL, NULL, 120.00, NULL, NULL, 1, '2012-03-03 09:28:18', 0, 0, 1, 7),
(157, 'Pechera con paseador.', 'LHB1016', '<ul><li>Elaborada en nylon reforzado.</li><li>Acolchada y con diseños de decoración muy bonitos y exclusivos.<li>Pechera ajustable e incluye sistema de cierre mediante click para fácil uso.</li> <li>Argollas metálicas muy resistentes para sujeción del paseador.</li> <li>Color azul.</li><li>Empacada en blister por unidad.</li>\n</ul>', NULL, NULL, 120.00, NULL, NULL, 1, '2012-03-03 09:28:53', 0, 0, 1, 7),
(158, 'Perchera con paseador .', 'LHB1021', '<ul><li>Elaborada en nylon reforzado.</li><li>Acolchada y con diseños de decoración muy bonitos y exclusivos.<li>Pechera ajustable e incluye sistema de cierre mediante click para fácil uso.</li> <li>Argollas metálicas muy resistentes para sujeción del paseador.</li> <li>Color rosado.</li><li>Empacada en blister por unidad.</li>\n</ul>', NULL, NULL, 120.00, NULL, NULL, 1, '2012-03-03 09:29:33', 0, 0, 1, 7),
(159, 'Pechera con paseador.', 'LHB1022', '<ul><li>Elaborada en nylon reforzado.</li><li>Acolchada y con diseños de decoración muy bonitos y exclusivos.<li>Pechera ajustable e incluye sistema de cierre mediante click para fácil uso.</li> <li>Argollas metálicas muy resistentes para sujeción del paseador.</li> <li>Color azul.</li><li>Empacada en blister por unidad.</li>\n</ul>\n', NULL, NULL, 120.00, NULL, NULL, 1, '2012-03-03 09:30:05', 0, 0, 1, 7),
(160, 'Pechera con paseador.', 'LHB1025', '<ul><li>Elaborada en nylon reforzado.</li><li>Acolchada y con diseños de decoración muy bonitos y exclusivos.<li>Pechera ajustable e incluye sistema de cierre mediante click para fácil uso.</li> <li>Argollas metálicas muy resistentes para sujeción del paseador.</li> <li>Color rosado.</li><li>Empacada en blister por unidad.</li>\n</ul>\n', NULL, NULL, 120.00, NULL, NULL, 1, '2012-03-03 09:31:35', 0, 0, 1, 7),
(161, 'Pechera con paseador.', 'LHB1026', '<ul><li>Elaborada en nylon reforzado.</li><li>Acolchada y con diseños de decoración muy bonitos y exclusivos.<li>Pechera ajustable e incluye sistema de cierre mediante click para fácil uso.</li> <li>Argollas metálicas muy resistentes para sujeción del paseador.</li> <li>Color azul.</li><li>Empacada en blister por unidad.</li>\n</ul>\n', NULL, NULL, 120.00, NULL, NULL, 1, '2012-03-03 09:32:25', 0, 0, 1, 7),
(162, 'Jaula para hamster.', '601', 'Jaula para hamster con accesorios.\n\n\n\n\n\n\n\n', 19.00, 22.00, 29.00, NULL, NULL, 1, '2012-03-19 09:59:53', 0, 0, 6, 14),
(163, 'Pechera con paseador tejido de nylon.', 'LD8015-20', '<ul><li>Elaborado de nylon de gran calidad.</li><li>Suave y cómodo de llevar.</li><li>Pechera ajustable.</li> <li> Cierre práctico.</li><li>Muy buena relación de precio y calidad.</li><li>Colores: Morado, Rojo y Azul.</li><li>Venta por unidad.</li></ul>', NULL, 1.50, 120.00, NULL, NULL, 1, '2012-03-03 09:06:27', 0, 0, 1, 7),
(164, 'Pechera con paseador tejido de nylon.', 'LD8015-25', '<ul><li>Elaborado de nylon de gran calidad.</li><li>Suave y cómodo de llevar.</li><li>Pechera ajustable.</li> <li> Cierre práctico.</li><li>Muy buena relación de precio y calidad.</li><li>Colores: Morado, Rojo y Azul.</li><li>Venta por unidad.</li></ul>', NULL, 2.50, 120.00, NULL, NULL, 1, '2012-03-03 09:08:39', 0, 0, 1, 7),
(165, 'Pechera con paseador reflectivo.', 'LD8021-15', '<ul><li>Elaborado en nylon, con revestimiento reflectivo de excelente calidad y altamente visible.</li><li>Suave y cómodo de llevar.</li><li>Pechera ajustable sin niveles.</li> <li> Cierre práctico.</li><li>Muy buena relación de precio y calidad.</li><li>Colores: Naranja, Azul, Rojo, Rosado, Amarillo, Verde.</li><li>Venta por unidad.</li></ul>\n\n\n\n\n\n', NULL, NULL, 120.00, NULL, NULL, 1, '2012-03-03 09:09:32', 0, 0, 1, 7),
(166, 'Pelota deportivas de goma. ', 'FRM654A', '<ul><li>Pack de 12 pelotas</li><li>Hecho de goma blanda de alta resistencia.</li><li> Pelotas de colores llamativos  y gran rebote que son ideales para juegos en el parque.</li><li>Empaque de cartón para exhibición.</li></ul>\n', NULL, NULL, NULL, 6.00, NULL, 1, '2012-05-04 04:34:38', 0, 0, 1, 2),
(167, 'Pechera tipo morral y paseador de nylon.', 'AB1009-S', '<ul><li>Elaborada con excelente material.</li><li>Resistente y fácil de limpiar.</li><li>Ofrece comodidad a su mascota a la hora del paseo diario.</li><li>Cómodos, bien adaptados a sus cuerpos, con unos motivos y colores irresistibles.</li><li>Incluye paseador.</li><li>Color rosado.<li>Empacado por unidad.</li></li></ul>', NULL, NULL, 120.00, NULL, NULL, 1, '2012-02-15 10:07:03', 0, 0, 1, 7),
(168, 'Pechera tipo morral y paseador de nylon.', 'AB1009-M', '<ul><li>Elaborada con excelente material.</li><li>Resistente y fácil de limpiar.</li><li>Ofrece comodidad a su mascota a la hora del paseo diario.</li><li>Cómodos, bien adaptados a sus cuerpos, con unos motivos y colores irresistibles.</li><li>Incluye paseador.</li><li>Color rosado.<li>Empacado por unidad.</li></li></ul>', NULL, NULL, 120.00, NULL, NULL, 1, '2012-02-15 10:06:29', 0, 0, 1, 7),
(169, 'Pechera tipo morral y paseador de nylon.', 'AB1009-L', '<ul><li>Elaborada con excelente material.</li><li>Resistente y fácil de limpiar.</li><li>Ofrece comodidad a su mascota a la hora del paseo diario.</li><li>Cómodos, bien adaptados a sus cuerpos, con unos motivos y colores irresistibles.</li><li>Incluye paseador.</li><li>Color rosado.<li>Empacado por unidad.</li></li></ul>', NULL, NULL, 120.00, NULL, NULL, 1, '2012-03-02 02:11:01', 0, 0, 1, 7),
(170, 'Pechera tipo camisa deportiva.', 'AB1005-XS', '<ul><li>Elaborada con excelente material.</li><li>Resistente y fácil de limpiar.</li><li>Ofrece comodidad a su mascota a la hora del paseo diario.</li><li>Cómodos, bien adaptados a sus cuerpos, con unos motivos y colores irresistibles.</li><li>Incluye paseador.</li></ul>', NULL, NULL, 120.00, NULL, NULL, 1, '2012-07-27 08:48:44', 1, 0, 1, 7),
(171, 'Pechera tipo Camisa Deportiva.', 'AB1005-S', '<ul><li>Elaborada con excelente material.</li><li>Resistente y fácil de limpiar.</li><li>Ofrece comodidad a su mascota a la hora del paseo diario.</li><li>Cómodos, bien adaptados a sus cuerpos, con unos motivos y colores irresistibles.</li><li>Incluye paseador.</li></ul>', NULL, NULL, 120.00, NULL, NULL, 1, '2012-07-27 08:47:17', 1, 0, 1, 7),
(172, 'Pechera tipo Camisa Deportiva.', 'AB1005-M', '<ul><li>Elaborada con excelente material.</li>\n<li>Resistente y fácil de limpiar.</li>\n<li>Ofrece comodidad a su mascota a la hora del paseo diario.</li>\n<li>Cómodos, bien adaptados a sus cuerpos, con unos motivos y colores irresistibles.</li><li>Incluye paseador.</li>\n</ul>', NULL, 1.50, 120.00, NULL, NULL, 1, '2012-07-27 08:46:53', 1, 0, 1, 7),
(173, 'Pechera tipo morral y paseador de nylon.', 'RB06305-S', '<ul><li>Incluye paseador.</li><li>Pechera ajustable.</li><li>Accesorio muy original que simula que su mascota lleva un morral, sin perder, su función principal. </li><li>Resistente y de fácil uso.</li><li>Empacadas por unidad.</li><li>Colores disponibles: Azul y Rosado.</li></ul>\n', NULL, 1.50, 120.00, NULL, NULL, 1, '2012-03-03 11:02:39', 0, 0, 1, 7),
(174, 'Pechera tipo morras y paseador de nylon.', 'RB06305-M', '<ul><li>Incluye paseador.</li><li>Pechera ajustable.</li><li>Accesorio muy original que simula que su mascota lleva un morral, sin perder, su función principal. </li><li>Resistente y de fácil uso.</li><li>Empacadas por unidad.</li><li>Colores disponibles: Azul y Rosado.</li></ul>\n', NULL, 1.50, 120.00, NULL, NULL, 1, '2012-03-03 11:00:54', 0, 0, 1, 7),
(175, 'Pechera tipo morral.', 'RB06305-L', '<ul><li>Incluye paseador.</li><li>Pechera ajustable.</li><li>Accesorio muy original que simula que su mascota lleva un morral, sin perder, su función principal. </li><li>Resistente y de fácil uso.</li><li>Empacadas por unidad.</li><li>Colores disponibles: Azul y Rosado.</li></ul>\n\n\n', NULL, NULL, 120.00, NULL, NULL, 1, '2012-03-03 10:59:25', 0, 0, 1, 7),
(176, 'Pechera tipo camisa deportiva', 'CSJP170-3', '<ul><li>Diseño de fácil colocación.</li><li>Fabricado en doble malla de poliéster para mayor durabilidad.</li><li>Le permite a su mascota frescura y comodidad.</li><li>Disponible en dos colores</li> </ul>\n', NULL, 1.50, 120.00, NULL, NULL, 1, '2012-07-27 09:23:01', 1, 0, 1, 7),
(177, 'Pechera tipo camisa deportiva.', 'CSJP170-4', '<ul><li>Diseño de fácil colocación.</li><li>Fabricado en doble malla de poliéster para mayor durabilidad.</li><li>Le permite a su mascota frescura y comodidad.</li><li>Disponible en dos colores</li> </ul>\n', NULL, 1.50, 120.00, NULL, NULL, 1, '2012-07-27 09:23:19', 1, 0, 1, 7),
(178, 'Pechera tipo camisa deportiva. ', 'CSJP170-5', '<ul><li>Diseño de fácil colocación.</li><li>Fabricado en doble malla de poliéster para mayor durabilidad.</li><li>Le permite a su mascota frescura y comodidad.</li><li>Disponible en dos colores</li> </ul>\n', NULL, 1.50, 120.00, NULL, NULL, 1, '2012-07-27 09:23:42', 1, 0, 1, 7),
(179, 'Collar con paseador.', 'LD8002-10', '<ul><li>Elaborado de nylon de gran calidad.</li><li>Suave y cómodo de llevar.</li><li>Collar ajustable sin niveles.</li> <li> Cierre práctico.</li><li>Muy buena relación de precio y calidad.</li><li>Unicolor estampado con huellas.</li><li>Venta por unidad.</li></ul>\n\n\n', NULL, 1.00, 120.00, NULL, NULL, 1, '2012-06-18 01:50:10', 0, 0, 1, 8),
(180, 'Comedero de plástico pequeño.', 'LD5087S', '<ul><li>Goma antideslizante.</li><li>Diseños exclusivos.</li><li>Superficie lisa de fácil limpieza.</li><li>Venta por unidad.</li></ul>\n\n\n\n\n', 15.00, 50.00, NULL, 5.00, NULL, 1, '2012-03-06 10:57:06', 0, 0, 1, 1),
(181, 'Collar con paseador.', 'LCB1529', '<ul><li>Conjunto diseñado con excelente estampado y acabado.</li><li>Incluye cascabel.</li><li>Elaborado con una base sencilla de nylon y cubierto con bordados delicados.</li><li>Collar ajustable con cierre de clip</li><li>Empacado en blister individual</li></ul>\n', NULL, 2.50, 1.20, NULL, NULL, 1, '2012-07-23 04:43:29', 1, 0, 1, 8),
(182, 'Cepillo tipo raqueta.', 'J9502G', '<ul><li>Elimina el pelo no deseado muerto.</li><li>Ideal para perros de pelo rizado.</li><li>Aunque sus cerdas son metálicas, son muy suaves y sus puntas no lastiman la piel del  perro.</li><li> Usar en sentido del pelo para desenredar y quitar basuras alojadas allí.</li><li>Usar a contrapelo para lograr mayor volumen.</li></ul>', 14.00, 9.00, 14.00, NULL, NULL, 1, '2012-06-18 11:03:00', 0, 0, 1, 5),
(183, 'Kit de grooming.', 'LD3188', '<ul><li>Elaborado en material de gran calidad.</li><li>Mango ergonómico.</li><li>Excelente combinación para remover pelo muerto y pequeños nudos y luego peinar para dar un acabado mas voluminoso y brillante.</li><li>Presentación en blister por unidad.</li> </ul>\n', NULL, NULL, NULL, NULL, NULL, 1, '2012-03-02 11:09:10', 0, 0, 1, 5),
(184, 'Collar para gatos.', 'SH828', '<ul><li>Empaque de 6 unidades.</li><li>Lucirá estupendo en el cuello de su mascota.</li><li>Fabricado con nylon de gran calidad con un precioso estampado de flores bordadas.</li><li>Incluye un cascabel de metal.</li></ul>\n\n\n\n\n\n\n', NULL, 1.00, 30.00, NULL, NULL, 1, '2012-02-29 05:10:52', 0, 0, 2, 19),
(185, 'Collar con paseador.', 'LCB1528', '<ul><li>Conjunto diseñado con excelente estampado y acabado.</li><li>Incluye cascabel.</li><li>Elaborado con una base sencilla de nylon y cubierto con bordados delicados.</li><li>Collar ajustable con cierre de clip</li><li>Disponible en colores: Azul/Rosado.</li><li>Empacado en blister individual</li></ul>\n', NULL, 2.50, 1.20, NULL, NULL, 1, '2012-03-02 03:40:14', 0, 0, 1, 8),
(186, 'Collar con paseador de nylon.', 'LD8024-12', '<ul><li>Está fabricado con nylon de gran calidad con colores neutrales.</li><li>Hilos blancos reflectantes en los extremos para poder ser vistos con más facilidad por los conductores y otros usuarios de la vía.</li><li>La correa tiene un cáncamo  metálico muy resistente.</li><li>Collar ajustable.</li><li>Disponible en colores: Negro, Rojo, Naranja, Morado y Azul.</li><li>Venta por unidad.</li></ul>\n\n\n\n\n', NULL, 1.20, 120.00, NULL, NULL, 1, '2012-03-03 09:11:22', 0, 0, 1, 8),
(187, 'Collar con paseador de nylon.', 'LD8024-20', '<ul><li>Está fabricado con nylon de gran cálidad con colores neutrales.</li><li>Hilos blancos reflectantes en los extremos para poder ser vistos con más facilidad por los conductores y otros usuarios de la vía.</li><li>La correa tiene un cáncamo  metálico muy resistente.</li><li>Collar ajustable.</li><li>Disponible en colores: Negro, Rojo, Naranja, Morado y Azul.</li><li>Venta por unidad.</li></ul>\n', NULL, 2.00, 120.00, NULL, NULL, 1, '2012-03-03 09:12:58', 0, 0, 1, 8),
(188, 'Collares de lujo. ', 'C10903', '<ul><li>Set de 10 piezas.</li><li>Llamativos y elegantes colores.</li><li>Original adorno en el centro de cada collar, con formas diferentes.</li><li>Hebilla de lujo con strass incrustados.</li>.</ul>\n', NULL, 1.50, 29.00, NULL, NULL, 1, '2012-07-23 04:41:50', 1, 0, 1, 8),
(189, 'Collares con lazo.', 'PNB1101', '<ul><li>Set de 5 piezas.</li><li>Llamativos y elegantes colores.</li><li>Original adorno en el centro de cada collar, con formas de lazo.</li><li>Hebilla de lujo con strass incrustados.</li>.</ul>\n', NULL, NULL, NULL, NULL, NULL, 5, '2012-07-27 09:39:49', 1, 0, 1, 8),
(190, 'Collares de lujo.', 'C10801', '<ul><li>Set de 5 piezas.</li><li>Llamativos y elegantes.</li><li>Hebilla de lujo con strass incrustados.</li>.</ul>\n\n\n', NULL, 1.50, 26.00, NULL, NULL, 1, '2012-03-02 03:00:23', 0, 0, 1, 8),
(191, 'Collar ajustable ', 'CFB1501', '<ul><li>Destacan por sus bonitos y divertidos colores y estampados.</li><li>Con cascabel para ubicar a tu mascota.</li><li>Capacidad de poder ajustarlos.</li><li>Fácil y cómodo de colocar por su sistema de cierre de click.</li><li>Aro de metal para colocar paseador.</li><li>Color: Amarillo/Rosado/Azul/Gris.</li><li>Empacado por unidad.</li></ul>\n\n\n\n\n', NULL, NULL, 45.00, NULL, NULL, 1, '2012-03-02 03:04:28', 0, 0, 1, 8),
(192, 'Collar de ahorque.', 'SHO4028', '<ul><li>Se utiliza para corregir el hábito de tironear de la correa durante el paseo.</li><li> Se recomienda dar tirones cortos en los momentos que deseamos controlar la conducta indeseada del animal.</li><li>Podemos gratificarlo  con una caricia, una palabra de aprobación o con una golosina para perros, ya que son collares educativos.</li><li>Es muy importante que los tirones no sean fuertes ni repetidos para no lastimar el cuello de la mascota.</li> \n</ul>', NULL, NULL, 45.00, NULL, NULL, 1, '2012-03-03 04:44:59', 0, 0, 1, 8),
(193, 'Collar de ahorque.', 'SHO3526', '<ul><li>Se utiliza para corregir el hábito de tironear de la correa durante el paseo.</li><li> Se recomienda dar tirones cortos en los momentos que deseamos controlar la conducta indeseada del animal.</li><li>Podemos gratificarlo  con una caricia, una palabra de aprobación o con una golosina para perros, ya que son collares educativos.</li><li>Es muy importante que los tirones no sean fuertes ni repetidos para no lastimar el cuello de la mascota.</li> \n</ul>', NULL, NULL, NULL, NULL, NULL, 1, '2012-03-03 04:44:08', 0, 0, 1, 8),
(194, 'Collar de ahorque.', 'SHO3022', '<ul><li>Se utiliza para corregir el hábito de tironear de la correa durante el paseo.</li><li> Se recomienda dar tirones cortos en los momentos que deseamos controlar la conducta indeseada del animal.</li><li>Podemos gratificarlo  con una caricia, una palabra de aprobación o con una golosina para perros, ya que son collares educativos.</li><li>Es muy importante que los tirones no sean fuertes ni repetidos para no lastimar el cuello de la mascota.</li> \n</ul>', NULL, NULL, NULL, NULL, NULL, 1, '2012-03-03 04:42:48', 0, 0, 1, 8),
(195, 'Collar de ahorque', 'SHO2520', '<ul><li>Se utiliza para corregir el hábito de tironear de la correa durante el paseo.</li><li> Se recomienda dar tirones cortos en los momentos que deseamos controlar la conducta indeseada del animal.</li><li>Podemos gratificarlo  con una caricia, una palabra de aprobación o con una golosina para perros, ya que son collares educativos.</li><li>Es muy importante que los tirones no sean fuertes ni repetidos para no lastimar el cuello de la mascota.</li> \n</ul>', NULL, NULL, NULL, NULL, NULL, 1, '2012-03-03 04:42:00', 0, 0, 1, 8),
(196, 'Cromado.', 'SHR3050', '<ul><li>Elegante collar cromado de eslabón alargado. </li><li>Perfecto para uso diario y continuado.</li><li>Cromado de gran calidad.</li></ul>\n\n\n\n\n', NULL, NULL, NULL, NULL, NULL, 1, '2012-03-03 04:45:36', 0, 0, 1, 8),
(197, 'Collar de ahorque cromado.', 'SHR3055', '<ul><li>Elegante collar cromado de eslabón alargado. </li><li>Perfecto para uso diario y continuado.</li><li>Cromado de gran calidad.</li></ul>\n', NULL, NULL, NULL, NULL, NULL, 1, '2012-03-03 04:46:06', 0, 0, 1, 8),
(198, 'Collar de castigo cromado.', 'SHG3555', '<ul><li>Se utiliza para corregir el hábito de tironear de la correa durante el paseo.</li><li> Se recomienda dar tirones cortos en los momentos que deseamos controlar la conducta indeseada del animal.</li><li>Podemos gratificarlo  con una caricia, una palabra de aprobación o con una golosina para perros, ya que son collares educativos.</li><li>Es muy importante que los tirones no sean fuertes ni repetidos para no lastimar el cuello de la mascota.</li> \n</ul>\n\n\n\n\n', NULL, NULL, NULL, NULL, NULL, 1, '2012-03-03 04:29:57', 0, 0, 1, 8),
(199, 'Collar de castigo cromado.', 'SHG4060', '<ul><li>Se utiliza para corregir el hábito de tironear de la correa durante el paseo.</li><li> Se recomienda dar tirones cortos en los momentos que deseamos controlar la conducta indeseada del animal.</li><li>Podemos gratificarlo  con una caricia, una palabra de aprobación o con una golosina para perros, ya que son collares educativos.</li><li>Es muy importante que los tirones no sean fuertes ni repetidos para no lastimar el cuello de la mascota.</li> \n</ul>', NULL, NULL, NULL, NULL, NULL, 1, '2012-03-03 04:30:39', 0, 0, 1, 8),
(200, 'Pelota de fútbol americana con sonido.', 'YZJ072', '<ul><li>Tiene pinchos en toda la pelota para que los perros experimenten con más textura.</li><li>Es ideal para estimular el ejercicio del perro lanzándola para que nos la vuelva a traer.</li><li>Darle juguetes atractivos puede prevenir e incluso curar problemas de comportamiento, ya que reduce el stress y es un estupendo ejercicio.</li><li>Empacado por unidad.</li></ul>\n\n\n\n', NULL, NULL, 12.00, NULL, NULL, 1, '2012-03-05 10:08:40', 0, 0, 1, 2),
(201, 'Juguete de goma tipo kong.', 'RT1095S', '<ul><li>Realizada con goma muy resistente y duradera</li><li>Es hueca, con un cascabel dentro para atraer la atención con el sonido.<li>Estimula la masticación, fortaleciendo los músculos mandibulares y evitando que mastique cosas inadecuadas por aburrimiento.</li><li>Colores disponibles: Azul y negro.</li></ul>', NULL, NULL, 9.50, NULL, NULL, 1, '2012-03-05 11:29:46', 0, 0, 1, 2),
(202, 'Pechera con paseador.', 'LHB1524', '<ul><li>Elaborada en nylon reforzado.</li><li>Acolchada y con diseños de decoración muy bonitos y exclusivos.<li>Pechera ajustable e incluye sistema de cierre mediante click para fácil uso.</li><li>Colores variados.</li><li>Venta por unidad.</li>\n</ul>', NULL, NULL, 120.00, NULL, NULL, 1, '2012-05-04 05:04:34', 0, 0, 1, 7),
(203, 'Pelota de goma con sonido.', 'YZJ068', '<ul><li>Pelota sonora de goma natural su forma es ideal para lanzar.</li><li>Ofrece horas de entretenimiento mientras la mascota lo hace rebotar y lo persigue.</li><li>Empacado por unidad.</li></ul>\n\n\n\n', NULL, NULL, 9.50, NULL, NULL, 1, '2012-03-05 10:07:30', 0, 0, 1, 2),
(204, 'Pelota de goma con dientes. ', 'YZJ064', '<ul><li>Juguete de goma.</li><li>Diseñado especialmente para los perros que tienen gran ansiedad de morder todo.</li><li>Proporcionará horas de diversión y entretenimiento a tu mascota.</li><li>La superficie rugosa masajea las encías, estimulando el flujo sanguíneo en la encía, garantizando una óptima salud y una mejor resistencia a las enfermedades.</li></ul> \n\n\n\n', NULL, NULL, NULL, 7.00, NULL, 1, '2012-03-05 10:06:47', 0, 0, 1, 2),
(205, 'Pechera con paseador. ', 'LHB1532', '<ul><li>Elaborada en nylon reforzado.</li><li>Acolchada y con diseños de decoración muy bonitos y exclusivos.<li>Pechera ajustable e incluye sistema de cierre mediante click para fácil uso.</li><li>Colores variados.</li><li>Venta por unidad.</li>\n</ul>', NULL, NULL, 120.00, NULL, NULL, 1, '2012-05-04 05:05:43', 0, 0, 1, 7),
(206, 'Juguete de goma duro con cascabel.', 'RT1073', '<ul><li>Juguete de goma.</li><li>Diseñado especialmente para los perros que tienen gran ansiedad de morder todo.</li><li>Proporcionará horas de diversión y entretenimiento a tu mascota.</li><li>Estimula el flujo sanguíneo en la encía, garantizando una óptima salud.</li><li>Incluye un cascabel en el interior para atraer la atención de su mascota.</li><li>Empacado por unidad.</li><li>Colores disponibles: Rojo y Azul.</li></ul>\n\n\n\n\n\n\n', NULL, NULL, NULL, 5.00, NULL, 1, '2012-03-03 11:17:57', 0, 0, 1, 3),
(207, 'Pelota de goma lisa.', 'RT1091S', '<ul><li>Realizada con goma muy resistente y duradera</li><li>Es hueca, con un cascabel dentro para atraer la atención con el sonido.<li>Estimula la masticación, fortaleciendo los músculos mandibulares y evitando que mastique cosas inadecuadas por aburrimiento.</li><li>Colores disponibles: Rojo, Azul y Amarillo.</li><li>Empacado por unidad.</li></ul>', NULL, NULL, NULL, NULL, NULL, 1, '2012-03-03 11:37:41', 0, 0, 1, 2),
(208, 'Pelota de goma lisa.', 'RT1091L', '<ul><li>Realizada con goma muy resistente y duradera</li><li>Es hueca, con un cascabel dentro para atraer la atención con el sonido.<li>Estimula la masticación, fortaleciendo los músculos mandibulares y evitando que mastique cosas inadecuadas por aburrimiento.</li><li>Colores disponibles: Rojo, Azul y Amarillo.</li></ul>\n\n\n', NULL, NULL, NULL, 6.00, NULL, 1, '2012-07-23 02:17:21', 1, 0, 1, 2),
(209, 'Pesa de vinyl.', 'VT1134', '<ul><li>Fabricada de material no toxico.</li><li>El sonido que se produce al apretarla agrega atractivo a este juguete.</li><li>Es de material blando por lo que es perfecto para cachorros y perros en general.</li><li>Es un juguete que proporcionará horas de diversión y entretenimiento a tu mascota.</li><li>Colores llamativos</li><li>Empacado por unidad.</li></ul>', NULL, NULL, 16.50, NULL, NULL, 1, '2012-03-03 05:11:28', 0, 0, 1, 3),
(210, 'Hueso de vinyl.', 'VT1139', '<ul><li>Fabricada de material no toxico.</li><li>El sonido que se produce al apretarla agrega atractivo a este juguete.</li><li>Es de material blando por lo que es perfecto para cachorros y perros en general.</li><li>Es un juguete que proporcionará horas de diversión y entretenimiento a tu mascota.</li><li>Colores llamativos</li><li>Empacado por unidad.</li></ul>', NULL, NULL, 17.00, NULL, NULL, 1, '2012-03-03 05:13:50', 0, 0, 1, 3),
(211, 'Caja de pelotas de goma.', 'FRM654C', '<ul><li>Pack de 12 pelotas</li><li>Hecho de goma blanda de alta resistencia.</li><li> Pelotas de colores llamativos  y gran rebote que son ideales para juegos en el parque.</li><li>Empaque de cartón para exhibición.</li></ul>', NULL, NULL, NULL, 6.00, NULL, 1, '2012-03-12 02:18:04', 0, 0, 1, 2),
(212, 'Caja de pelotas deportivas.', 'FRN654E', '<ul><li>Pack de 12 pelotas</li><li>Hecho de goma blanda de alta resistencia.</li><li> Pelotas de colores llamativos  y gran rebote que son ideales para juegos en el parque.</li><li>Empaque de cartón para exhibición.</li></ul>', NULL, NULL, NULL, 6.00, NULL, 1, '2012-05-04 04:50:45', 0, 0, 1, 2),
(213, 'Juguete de goma.', 'RT1018', '<ul><li>Juguete de goma.</li><li>Forma de hueso con puntas.</li><li>Diseñado especialmente para los perros que tienen gran ansiedad de morder todo.</li><li>Proporcionará horas de diversión y entretenimiento a tu mascota.</li><li>La superficie rugosa masajea las encías, estimulando el flujo sanguíneo en la encía, garantizando una óptima salud y una mejor resistencia a las enfermedades.</li></ul>\n\n\n', NULL, NULL, 19.50, NULL, NULL, 1, '2012-03-03 11:16:38', 0, 0, 1, 3),
(214, 'Juguete de goma.', 'YZA015', '<ul><li>Juguete de goma.</li><li>Forma de hueso con puntas.</li><li>Diseñado especialmente para los perros que tienen gran ansiedad de morder todo.</li><li>Proporcionará horas de diversión y entretenimiento a tu mascota.</li><li>La superficie rugosa masajea las encías, estimulando el flujo sanguíneo en la encía, garantizando una óptima salud y una mejor resistencia a las enfermedades.</li></ul>', NULL, NULL, 12.50, NULL, NULL, 1, '2012-03-05 08:39:28', 0, 0, 1, 3),
(215, 'Juguete de goma.', 'YZA016', '<ul><li>Juguete de goma.</li><li>Forma de hueso con puntas.</li><li>Diseñado especialmente para los perros que tienen gran ansiedad de morder todo.</li><li>Proporcionará horas de diversión y entretenimiento a tu mascota.</li><li>La superficie rugosa masajea las encías, estimulando el flujo sanguíneo en la encía, garantizando una óptima salud y una mejor resistencia a las enfermedades.</li><li>Color: Verde/Azul/Rosa.</li><ol>\n</ol>\n<li>Empacado por unidad.</li></ul> ', NULL, 5.50, 16.00, NULL, NULL, 1, '2012-03-05 08:40:19', 0, 0, 1, 3),
(216, 'Juguete de goma.', 'YZA038', '<ul><li>Juguete de goma.</li><li>Diseñado especialmente para los perros que tienen gran ansiedad de morder todo.</li><li>Proporcionará horas de diversión y entretenimiento a tu mascota.</li><li>Color: Rojo/Azul/Amarillo.</li><li>Empacado por unidad.</li></ul> \n\n\n\n', NULL, 8.00, 12.50, NULL, NULL, 1, '2012-03-05 08:41:18', 0, 0, 1, 3),
(217, 'Juguete de goma para perros.', 'LD717', '<ul><li>Su goma tiene una textura elástica que estimula a los perros a masticar.</li><li>El roce de los dientes con las ranuras de goma va limpiando el sarro, mejorando asi la higiene dental.<li>Excelente forma de que la mascota se divierta y fortalezca sus mandíbulas.</li><li>El aroma a chocolate lo hace mas atractivo.</li><li>El juego con objetos satisface la necesidad instintiva de masticar.</li><li>Empacado en blister por unidad.</li></ul>\n\n\n ', NULL, 4.50, 12.00, NULL, NULL, 1, '2012-03-03 08:43:10', 0, 0, 1, 3),
(218, 'Juguete de nylon para perros.', 'LD719', '<ul><li>Su goma tiene una textura elástica que estimula a los perros a masticar.</li><li>El roce de los dientes con las ranuras de goma va limpiando el sarro, mejorando asi la higiene dental.<li>Excelente forma de que la mascota se divierta y fortalezca sus mandíbulas.</li><li>El aroma a chocolate lo hace mas atractivo.</li><li>El juego con objetos satisface la necesidad instintiva de masticar.</li><li>Empacado en blister de 2 unidades</li></ul>', NULL, 2.50, 7.50, NULL, NULL, 2, '2012-03-03 08:44:21', 0, 0, 1, 3),
(219, 'Juguete de nylon para perros.', 'LD722', '<ul><li>Su goma tiene una textura elástica que estimula a los perros a masticar.</li><li>El roce de los dientes con las ranuras de goma va limpiando el sarro, mejorando asi la higiene dental.<li>Excelente forma de que la mascota se divierta y fortalezca sus mandíbulas.</li><li>El aroma a chocolate lo hace mas atractivo.</li><li>El juego con objetos satisface la necesidad instintiva de masticar.</li><li>Empacado en blister por unidad.</li></ul>', NULL, 5.00, 18.00, NULL, NULL, 1, '2012-03-03 08:46:30', 0, 0, 1, 3),
(220, 'Juguete de nylon para perros.', 'LD577B', '<ul><li>Duro, fuerte y resistente.</li><li>Cuidan la salud dental del perro.</li><li>Diseñado para satisfacer el instinto de morder de perros.</li><li> \nMás seguro que otros productos existentes en el mercado para morder.</li><li>Empacado en blister de 2 unidades.</li></ul>', NULL, NULL, 15.50, NULL, NULL, 2, '2012-03-02 04:46:00', 0, 0, 1, 3),
(221, 'Juguete de nylon para perros.', 'LD577A', '<ul><li>Duro, fuerte y resistente.</li><li>Cuidan la salud dental del perro.</li><li>Diseñado para satisfacer el instinto de morder de perros.</li><li> \nMás seguro que otros productos existentes en el mercado para morder.</li><li>Empacado en blister por unidades.</li></ul>', NULL, NULL, 12.00, NULL, NULL, 1, '2012-03-02 04:45:18', 0, 0, 1, 3),
(222, 'Juguete de nylon.', 'LD5071', '<ul><li>Duro, fuerte y resistente.</li><li>Cuidan la salud dental del perro.</li><li>Diseñado para satisfacer el instinto de morder de perros.</li><li> \nMás seguro que otros productos existentes en el mercado para morder.</li><li>Empacado en blister de 3 unidades.</li></ul>', 7.00, NULL, NULL, NULL, NULL, 3, '2012-03-02 04:03:23', 0, 0, 1, 3),
(223, 'Juguete de nylon con cascabeles.', 'LD5078', '<ul><li>Resistente y duradero.</li><li>Ideal para perros que adoran morder todo.</li><li>Incluye cascabeles que atraen la atención por su sonido.</li><li>Empacado por unidad.</li>\n</ul>\n', NULL, NULL, NULL, NULL, NULL, 1, '2012-03-02 04:16:10', 0, 0, 1, 3),
(224, 'Hueso de plástico.', 'YZA107', '<ul><li>Pack de 3 unidades.</li><li>Elaborado en plástico muy resistente.</li><li>Ayuda a fortalecer músculos de la mandíbula.</li><li>Ideal para perros con manías de mordisquear e intranquilos.</li><li>Disponible en color blanco.</li></ul>\n\n\n\n', NULL, 3.00, 9.50, NULL, NULL, 3, '2012-03-05 08:54:34', 0, 0, 1, 3),
(225, 'Juguetes de nylon.', 'LD5076', '<ul><li>Duro, fuerte y resistente.</li><li>Cuidan la salud dental del perro.</li><li>Diseñado para satisfacer el instinto de morder de perros.</li><li> \nMás seguro que otros productos existentes en el mercado para morder.</li><li>Empacado en blister de 3 unidades.</li></ul> ', NULL, NULL, NULL, NULL, NULL, 3, '2012-03-02 04:11:48', 0, 0, 1, 3),
(226, 'Juguete de nylon.', 'LD5066', '<ul><li>Duro, fuerte y resistente.</li><li>Cuidan la salud dental del perro.</li><li>Diseñado para satisfacer el instinto de morder de perros.</li><li> \nMás seguro que otros productos existentes en el mercado para morder.</li><li>Empacado en blister de 3 unidades.</li></ul>\n\n\n', 9.50, NULL, NULL, NULL, NULL, 3, '2012-03-02 04:01:28', 0, 0, 1, 3),
(227, 'Juguetes de nylon.', 'LD5072', '<ul><li>Duro, fuerte y resistente.</li><li>Cuidan la salud dental del perro.</li><li>Diseñado para satisfacer el instinto de morder de perros.</li><li> \nMás seguro que otros productos existentes en el mercado para morder.</li><li>Empacado en blister de 2 unidades.</li></ul>', NULL, NULL, 12.00, NULL, NULL, 2, '2012-03-02 04:05:47', 0, 0, 1, 3),
(228, 'Juguetes de nylon. ', 'LD5068', '<ul><li>Duro, fuerte y resistente.</li><li>Cuidan la salud dental del perro.</li><li>Diseñado para satisfacer el instinto de morder de perros.</li><li> \nMás seguro que otros productos existentes en el mercado para morder.</li><li>Empacado en blister de 2 unidades.</li></ul>', 10.00, NULL, 10.00, NULL, NULL, 2, '2012-03-02 04:02:44', 0, 0, 1, 3),
(229, 'Juguete tipo kong.', 'RT1076', '<ul><li>Este juguete es ideal para entretener a tu perro.<li> Es un dispensador de golosinas con la forma del clásico juguete Kong</li><li>Está fabricado con un polímero muy duradero, no tóxico </li><li>Proporciona horas de entretenimiento y diversión.</li><li>Color: Rojo.</li><li>Empacado por unidad.</li></ul>\n\n\n\n', NULL, NULL, NULL, NULL, NULL, 1, '2012-03-03 11:26:19', 0, 0, 1, 3),
(230, 'Juguete tipo kong.', 'RT1077', '<ul><li>Este juguete es ideal para entretener a tu perro.<li> Es un dispensador de golosinas con la forma del clásico juguete Kong</li><li>Está fabricado con un polímero muy duradero, no tóxico </li><li>Proporciona horas de entretenimiento y diversión.</li><li>Color: Naranja.</li><li>Empacado por unidad.</li></ul>', NULL, NULL, NULL, NULL, NULL, 1, '2012-03-03 11:27:57', 0, 0, 1, 3),
(231, 'Juguete tipo kong.', 'RT1078', '<ul><li>Este juguete es ideal para entretener a tu perro.<li> Es un dispensador de golosinas con la forma del clásico juguete Kong</li><li>Está fabricado con un polímero muy duradero, no tóxico </li><li>Proporciona horas de entretenimiento y diversión.</li><li>Color: Naranja.<li>Empacado por unidad.</li></li></ul>', NULL, NULL, NULL, NULL, NULL, 1, '2012-03-03 11:28:45', 0, 0, 1, 3),
(232, 'Hueso mediano.', 'RT1002', '<ul><li>Elaborado en goma muy resistente.</li><li>Diseñado especialmente para los perros que les gustan estar mordisqueando todo.<li>Evitan que su perro mastique por aburrimiento cosas inadecuadas.</li><li>Usarlos regularmente fortalece las mandíbulas y encías de tu perro.</li><li>Empacados por unidad.</li><li>Colores disponibles: Azul y Rojo.</li></ul>\n\n\n\n ', NULL, NULL, NULL, NULL, NULL, 1, '2012-06-18 12:06:48', 0, 0, 1, 3),
(233, 'Hueso de goma grande.', 'RT1003', '<ul><li>Elaborado en goma muy resistente.</li><li>Diseñado especialmente para los perros que les gustan estar mordisqueando todo.<li>Evitan que su perro mastique por aburrimiento cosas inadecuadas.</li><li>Usarlos regularmente fortalece las mandíbulas y encías de tu perro.</li><li>Empacados por unidad.</li><li>Color verde.</li></ul>', NULL, NULL, 14.00, NULL, NULL, 1, '2012-06-18 12:07:51', 0, 0, 1, 3),
(234, 'Juguete modelo hidrante.', 'YZF015', '<ul><li>Juguete tipo hidrante de gran entretenimiento.</li><li>Tambien ayudará a su mascota a desarrollar fuerza en la mandíbula.</li><li>Material muy resistente y duradero.</li><li>Empacado por unidad.</li><li>Color verde.</li>\n</ul>', NULL, NULL, NULL, NULL, NULL, 1, '2012-03-05 08:56:46', 0, 0, 1, 3),
(235, 'Juguete modelo hidrante.', 'YZF018', '<ul><li>Juguete tipo hidrante de gran entretenimiento.</li><li>Tambien ayudará a su mascota a desarrollar fuerza en la mandíbula.</li><li>Material muy resistente y duradero.</li><li>Empacado por unidad.</li><li>Color rojo.</li>\n</ul>', NULL, NULL, 11.00, NULL, NULL, 1, '2012-03-05 10:03:36', 0, 0, 1, 3),
(236, 'Juguete modelo hidrante.', 'YZF016', '<ul><li>Juguete tipo hidrante de gran entretenimiento.</li><li>Tambien ayudará a su mascota a desarrollar fuerza en la mandíbula.</li><li>Material muy resistente y duradero.</li><li>Empacado por unidad.</li><li>Color verde.</li>\n</ul>', NULL, NULL, 12.00, NULL, NULL, 1, '2012-03-05 10:03:05', 0, 0, 1, 3),
(237, 'Cordón con juguete de goma.', 'RT2045', '<p><strong>Juguete para que su mascota disfrute el juego y haga ejercicio, manteniéndose también más saludable.</strong></p> ', NULL, 5.00, 26.00, NULL, NULL, 1, '2012-03-03 03:34:24', 0, 0, 1, 3),
(238, 'Pelota de goma con cordón.', 'YZK019', '<ul><li>Pelota elabora con goma dura, resistente y duradera.</li><li>Estimula la masticación, fortalece la mandíbula y evita que su mascota muerda cosas inadecuadas.</li><li> Incluye una cuerda muy resistente que le da un atractivo adicional.</li><li>Gracia a la cuerda se podrá lanzar la pelota más lejos para que su perro la recoja.</li></ul>', NULL, NULL, 34.00, NULL, NULL, 1, '2012-07-23 02:03:23', 1, 0, 1, 2),
(239, 'Juguete hidrante con cordón.', 'YZK049', '<ul><li>Juguete tipo hidrante con cordón pequeño educativo y de gran entretenimiento.</li><li>Ideal para perros con manías de mordisquear.</li><li>También ayudará a su mascota a desarrollar la fuerza de su mandibula.</li><li>Color rojo.</li><li>Empacado por unidad.</li></ul>\n', NULL, NULL, 49.00, NULL, NULL, 1, '2012-07-23 04:37:32', 1, 0, 1, 3),
(240, 'Juguete de goma con cordón.', 'YZK044', '<ul><li>Están fabricados con un material muy resistente y duradero.</li><li>Incluye una cuerda de nylon resistente.</li><li>Puede usarlo para jugar al lanzar y recoger.</li><li>Gracias a su forma con múltiples pinchos este mordedor limpia los dientes y masajea las encías de su mascota mientras juega.</li><li>Color verde.</li><li>Empacado por unidad.</li></ul>\n\n\n\n\n', NULL, NULL, 45.00, NULL, NULL, 1, '2012-03-05 11:03:48', 0, 0, 1, 3),
(241, 'Pelota de goma con cordón.', 'YZK002', '<ul><li>Pelota elabora con goma dura, resistente y duradera.</li><li>Estimula la masticación, fortalece la mandíbula y evita que su mascota muerda cosas inadecuadas.</li><li> Incluye una cuerda muy resistente que le da un atractivo adicional.</li><li>Gracia a la cuerda se podrá lanzar la pelota más lejos para que su perro la recoja.</li></ul>', NULL, 7.00, 34.00, NULL, NULL, 1, '2012-03-05 10:19:09', 0, 0, 1, 2),
(242, 'Juguete hidrante con cordón.', 'YZK040', '<ul><li>Juguete tipo hidrante con cordón pequeño educativo y de gran entretenimiento.</li><li>Ideal para perros con manías de mordisquear.</li><li>También ayudará a su mascota a desarrollar la fuerza de su mandibula.</li><li>Color rosado.</li><li>Empacado por unidad.</li></ul>\n', NULL, NULL, 31.50, NULL, NULL, 1, '2012-03-05 10:54:13', 0, 0, 1, 3),
(243, 'Juguete abejita.', 'VT1585', '<ul><li>Juguete en forma de abejita.</li><li>Fabricada de material no toxico.</li><li>El sonido que se produce al apretarla agrega atractivo a este juguete.</li><li>Es de material blando por lo que es perfecto para cachorros y perros en general.</li><li>Es un juguete que proporcionará horas de diversión y entretenimiento a tu mascota.</li><li>Colores llamativos</li><li>Empacado por unidad.</li></ul>', NULL, 8.50, 23.00, NULL, NULL, 1, '2012-03-05 08:36:38', 0, 0, 1, 3),
(244, 'Juguete hidrante.', 'YZF014', '<ul><li>Juguete tipo hidrante de gran entretenimiento.</li><li>Tambien ayudará a su mascota a desarrollar fuerza en la mandíbula.</li><li>Material muy resistente y duradero.</li><li>Empacado por unidad.</li><li>Disponible en colores: Rosado, Amarillo y Verde.</li>\n</ul>\n\n\n\n\n', NULL, NULL, 13.00, NULL, NULL, 1, '2012-03-05 08:55:49', 0, 0, 1, 3),
(245, 'Juguete hidrante con cordón.', 'YZK046', '<ul><li>Juguete tipo hidrante con cordón pequeño educativo y de gran entretenimiento.</li><li>Ideal para perros con manías de mordisquear.</li><li>También ayudará a su mascota a desarrollar la fuerza de su mandibula.</li><li>Color verde.</li><li>Empacado por unidad.</li></ul>\n', NULL, NULL, 41.50, NULL, NULL, 1, '2012-03-05 11:05:24', 0, 0, 1, 3),
(246, 'Juguete hidrante con cordón.', 'YZK041', '<ul><li>Juguete tipo hidrante con cordón pequeño educativo y de gran entretenimiento.</li><li>Ideal para perros con manías de mordisquear.</li><li>También ayudará a su mascota a desarrollar la fuerza de su mandibula.</li><li>Color verde.</li><li>Empacado por unidad.</li></ul>\n', NULL, NULL, 42.00, NULL, NULL, 1, '2012-03-05 10:55:26', 0, 0, 1, 3),
(247, 'Juguete hidrante con cordón.', 'YZK042', '<ul><li>Juguete tipo hidrante con cordón pequeño educativo y de gran entretenimiento.</li><li>Ideal para perros con manías de mordisquear.</li><li>También ayudará a su mascota a desarrollar la fuerza de su mandibula.</li><li>Color verde.</li><li>Empacado por unidad.</li></ul>\n\n\n', NULL, NULL, 49.00, NULL, NULL, 1, '2012-03-05 10:59:49', 0, 0, 1, 3),
(248, 'Jaula de transporte pequeña.', 'S8', 'Jaula de transporte para roedores pequeña.\n\n\n\n', 14.00, 17.00, 22.00, NULL, NULL, 1, '2012-04-30 10:51:00', 0, 0, 6, 14);
INSERT INTO `articulos` (`id`, `nombre`, `codigo`, `descripcion`, `alto`, `ancho`, `largo`, `diametro`, `peso`, `empaque`, `fechaingreso`, `agotado`, `inactivo`, `categoria`, `tipo`) VALUES
(249, 'Bowl con iluminacion.', 'TK-09A', '<ul><li>Bowl de vidrio para peces con iluminacion.</li>\n</ul>\n<ul>\n<li>Incluye adaptador de corriente. 110DC</li></ul>\n<ul>\n<li>3 leds con colores variantes.</li></ul>\n<ul>\n<li>Capacidad Aproximada 700ml.</li></ul>\n\n\n\n', NULL, NULL, NULL, NULL, NULL, 1, '2012-04-30 11:19:05', 0, 0, 4, 15),
(250, 'Caja de pelotas deportivas.', 'FRM654B', '<ul><li>Pack de 12 pelotas</li><li>Hecho de goma blanda de alta resistencia.</li><li> Pelotas de colores llamativos  y gran rebote que son ideales para juegos en el parque.</li><li>Empaque de cartón para exhibición.</li></ul>', NULL, NULL, NULL, 6.00, NULL, 1, '2012-05-04 04:37:25', 0, 0, 1, 2),
(251, 'Caja de pelotas deportivas.', 'FRN654A', '<ul><li>Pack de 12 pelotas</li><li>Hecho de goma blanda de alta resistencia.</li><li> Pelotas de colores llamativos  y gran rebote que son ideales para juegos en el parque.</li><li>Empaque de cartón para exhibición.</li></ul>\n', NULL, NULL, NULL, 6.00, NULL, 1, '2012-05-04 04:47:16', 0, 0, 1, 2),
(252, 'Kennel sencillo azul.', 'LD7012', '<ul><li>Elaborado en plástico resistente.</li><li>Puerta metálica.</li><li>Posee la opción de quitar la parte superior, añada una colchoneta y tendrá una cuna abierta para el descanso de su mascota.</li></ul>\n', 34.00, 32.00, 50.00, NULL, NULL, 1, '2012-07-23 04:41:13', 1, 0, 1, 13),
(253, 'Bolso de transporte.', 'BG-223RD', '<ul><li>Elegante y practico accesorio para su mascota.</li><li>Ofrece seguridad y comodidad.</li><li> Cuenta con cuatro bolsillos para llevar lo que su mascota necesite.</li>\n<li>Perfecto para llevarlo al veterinario o de vacaciones.</li></ul>\n', 30.00, 21.00, 45.00, NULL, NULL, 1, '2012-03-02 02:38:52', 0, 0, 1, 16),
(254, 'Bolso de transporte.', 'BG-177BU', '<ul><li>Elegante y practico accesorio para su mascota.</li><li>Ofrece seguridad y comodidad.</li><li> Cuenta con cuatro bolsillos para llevar lo que su mascota necesite.</li>\n<li>Perfecto para llevarlo al veterinario o de vacaciones.</li></ul>\n', 28.00, 21.00, 48.00, NULL, NULL, 1, '2012-03-02 02:38:14', 0, 0, 1, 16),
(255, 'Bolso de transporte.', 'BG-108P', '<ul><li>Elegante y practico accesorio para su mascota.</li><li>Ofrece seguridad y comodidad.</li><li> Cuenta con cuatro bolsillos para llevar lo que su mascota necesite.</li>\n<li>Perfecto para llevarlo al veterinario o de vacaciones.</li></ul>\n\n\n', 35.00, 25.00, 50.00, NULL, NULL, 1, '2012-03-02 02:30:01', 0, 0, 1, 16),
(256, 'Camas para mascotas.', 'BJ4028', '<ul><li>Set de 5 piezas.</li><li>Espaciosa y cómoda, elaborada con el mejor material.</li><li>Cálida y muy resistente, proporcionando a su mascota un lugar adecuado para descansar.</li><li>Es una pieza fundamental para el descanso de su mascota.</li></ul>\n\n\n\n\n\n\n', NULL, NULL, NULL, NULL, NULL, 1, '2012-07-23 04:36:17', 1, 0, 1, 16),
(257, 'Camas para mascotas.', 'BJ4227D', '<ul><li>Set de 5 piezas.</li><li>Espaciosa y cómoda, elaborada con el mejor material.</li><li>Cálida y muy resistente, proporcionando a su mascota un lugar adecuado para descansar.</li><li>Es una pieza fundamental para el descanso de su mascota.</li></ul>\n\n\n', NULL, NULL, NULL, NULL, NULL, 1, '2012-03-02 02:51:32', 0, 0, 1, 16),
(258, 'Camas para mascotas.', 'BJ4227A', '<ul><li>Set de 5 piezas.</li><li>Espaciosa y cómoda, elaborada con el mejor material.</li><li>Cálida y muy resistente, proporcionando a su mascota un lugar adecuado para descansar.</li><li>Es una pieza fundamental para el descanso de su mascota.</li></ul>\n\n\n', NULL, NULL, NULL, NULL, NULL, 1, '2012-07-23 04:32:20', 1, 0, 1, 16),
(259, 'Camas para mascotas.', 'BJ4227B', '<ul><li>Set de 5 piezas.</li><li>Espaciosa y cómoda, elaborada con el mejor material.</li><li>Cálida y muy resistente, proporcionando a su mascota un lugar adecuado para descansar.</li><li>Es una pieza fundamental para el descanso de su mascota.</li></ul>\n\n\n', NULL, NULL, NULL, NULL, NULL, 1, '2012-03-02 02:47:47', 0, 0, 1, 16),
(260, 'Camas para mascotas.', 'BJ4075', '<ul><li>Set de 3 piezas.</li><li>Espaciosa y cómoda, elaborada con el mejor material.</li><li>Cálida y muy resistente, proporcionando a su mascota un lugar adecuado para descansar.</li><li>Es una pieza fundamental para el descanso de su mascota.</li></ul>\n\n\n', NULL, NULL, NULL, NULL, NULL, 1, '2012-03-02 02:41:54', 0, 0, 1, 16),
(261, 'Camas para mascotas. ', 'BJ4227', '<ul><li>Set de 5 piezas.</li><li>Espaciosa y cómoda, elaborada con el mejor material.</li><li>Cálida y muy resistente, proporcionando a su mascota un lugar adecuado para descansar.</li><li>Es una pieza fundamental para el descanso de su mascota.</li></ul>\n\n\n', NULL, NULL, NULL, NULL, NULL, 1, '2012-06-15 11:03:25', 0, 0, 1, 16),
(262, 'Camas para mascotas.', 'BJ4227C', '<ul><li>Set de 5 piezas.</li><li>Espaciosa y cómoda, elaborada con el mejor material.</li><li>Cálida y muy resistente, proporcionando a su mascota un lugar adecuado para descansar.</li><li>Es una pieza fundamental para el descanso de su mascota.</li></ul>\n\n\n', NULL, NULL, NULL, NULL, NULL, 1, '2012-07-23 04:31:41', 1, 0, 1, 16),
(263, 'Camas para mascotas.', 'BJ4143', '<ul><li>Espaciosa y cómoda, elaborada con el mejor material.</li><li>Cálida y muy resistente, proporcionando a su mascota un lugar adecuado para descansar.</li><li>Es una pieza fundamental para el descanso de su mascota.</li></ul>\n\n\n', NULL, NULL, NULL, NULL, NULL, 1, '2012-07-23 04:36:36', 1, 0, 1, 16),
(264, 'Converse. ', 'SH5001-2', '<ul><li>Suela resistente.</li><li>Trenzas que permiten mejor ajuste.</li><li>Durante el paseo, el uso de zapatos protege a su mascota de vidrios rotos, garrapatas, mugre, etc.</li><li>Dentro de la casa, evita rasguños en el piso, tapicería de cuero, revestimientos delicados.</li><li>Colores: Azul y Rosado.</li></ul>\n\n\n\n', NULL, NULL, NULL, NULL, NULL, 1, '2012-07-23 01:59:06', 1, 0, 1, 17),
(265, 'Converse.', 'SH5001-3', '<ul><li>Suela resistente.</li><li>Trenzas que permiten mejor ajuste.</li><li>Durante el paseo, el uso de zapatos protege a su mascota de vidrios rotos, garrapatas, mugre, etc.</li><li>Dentro de la casa, evita rasguños en el piso, tapicería de cuero, revestimientos delicados.</li><li>Colores: Azul y Rosado.</li></ul>', NULL, NULL, NULL, NULL, NULL, 1, '2012-07-23 02:00:38', 1, 0, 1, 17),
(266, 'Converse.', 'SH5001-4', '<ul><li>Suela resistente.</li><li>Trenzas que permiten mejor ajuste.</li><li>Durante el paseo, el uso de zapatos protege a su mascota de vidrios rotos, garrapatas, mugre, etc.</li><li>Dentro de la casa, evita rasguños en el piso, tapicería de cuero, revestimientos delicados.</li><li>Colores: Azul y Rosado.</li></ul>', NULL, NULL, NULL, NULL, NULL, 1, '2012-07-23 02:05:02', 1, 0, 1, 17),
(267, 'Converse.', 'SH5001-5', '<ul><li>Suela resistente.</li><li>Trenzas que permiten mejor ajuste.</li><li>Durante el paseo, el uso de zapatos protege a su mascota de vidrios rotos, garrapatas, mugre, etc.</li><li>Dentro de la casa, evita rasguños en el piso, tapicería de cuero, revestimientos delicados.</li><li>Colores: Azul y Rosado.</li></ul>', NULL, NULL, NULL, NULL, NULL, 1, '2012-02-15 02:32:00', 0, 0, 1, 17),
(268, 'Juguete de mecate.', 'RT2063', 'Juguete de mecate.', NULL, NULL, NULL, NULL, NULL, 1, '2012-03-06 03:58:01', 0, 0, 1, 3),
(269, 'Hueso con relieve de vinyl.', 'VT2785', 'll', NULL, 6.00, 17.00, NULL, NULL, 1, '2012-03-05 08:37:06', 0, 0, 1, 3),
(270, 'Caja de pelotas deportivas.', 'FRNP654B', '<ul><li>Pack de 12 pelotas</li><li>Hecho de goma blanda de alta resistencia.</li><li> Pelotas de colores llamativos  y gran rebote que son ideales para juegos en el parque.</li><li>Empaque de cartón para exhibición.</li></ul>', NULL, NULL, NULL, 6.00, NULL, 1, '2012-05-04 04:51:52', 0, 0, 1, 2),
(271, 'Comedero melamine.', 'M318 ', '<ul><li>Elaborado de melamina resistente.</li><li>Goma antideslizante.</li><li>Diseños exclusivos.</li><li>Superficie lisa de fácil limpieza.</li><li>Venta por unidad.</li></ul>', 5.00, 18.00, 16.00, NULL, NULL, 1, '2012-06-15 11:20:28', 0, 0, 1, 1),
(272, 'Comedero de acero inoxidable.', 'SS118', '<ul><li>Producto fabricado en acero inoxidable, muy resistente.</li><li>Base antideslizante de goma y no tóxicos.</li> <li>Pueden limpiarse con gran facilidad.</li><li>Venta por unidad.</li></ul>', 10.00, 18.00, NULL, 24.00, NULL, 1, '2012-07-23 04:35:15', 1, 0, 1, 1),
(273, 'Kennel pequeño.', 'LD7011-2', '<ul><li>Elaborado en plástico resistente.</li><li>Puerta metálica.</li><li>Posee la opción de quitar la parte superior, añada una colchoneta y tendrá una cuna abierta para el descanso de su mascota.</li></ul>', 40.00, 39.00, 61.00, NULL, NULL, 1, '2012-06-18 09:48:16', 0, 0, 1, 13),
(274, 'Collar estampado con cascabel.', 'LCB1031', '<ul><li>Conjunto diseñado con excelente estampado y acabado.</li><li>Incluye cascabel.</li><li>Elaborado con una base sencilla de nylon y cubierto con bordados delicados.</li><li>Collar ajustable con cierre de clip</li><li>Empacado en blister individual</li></ul>', NULL, 10.00, 120.00, NULL, NULL, 1, '2012-05-04 05:22:39', 0, 0, 1, 8),
(275, 'Collar con paseador', 'LCB1544', 'Collar con paseador.', NULL, 15.00, 120.00, NULL, NULL, 1, '2012-05-02 02:53:23', 0, 0, 1, 8),
(276, 'Collar estampado con cascabel.', 'CFB1509', '<ul><li>Destacan por sus bonitos y divertidos colores y estampados.</li><li>Con cascabel para ubicar a tu mascota.</li><li>Capacidad de poder ajustarlos.</li><li>Fácil y cómodo de colocar por su sistema de cierre de click.</li><li>Aro de metal para colocar paseador.</li><li>Empacado por unidad.</li></ul>', NULL, NULL, 15.00, NULL, NULL, 1, '2012-05-04 05:13:06', 0, 0, 1, 8),
(277, 'Collar con paseador.', 'LCB1030', '<ul><li>Conjunto diseñado con excelente estampado y acabado.</li><li>Incluye cascabel.</li><li>Elaborado con una base sencilla de nylon y cubierto con bordados delicados.</li><li>Collar ajustable con cierre de clip</li><li>Empacado en blister individual</li></ul>\n', NULL, 10.00, 120.00, NULL, NULL, 1, '2012-05-04 05:22:08', 0, 0, 1, 8),
(278, 'Collar con paseador.', 'LCB1029', '<ul><li>Conjunto diseñado con excelente estampado y acabado.</li><li>Incluye cascabel.</li><li>Elaborado con una base sencilla de nylon y cubierto con bordados delicados.</li><li>Collar ajustable con cierre de clip</li><li>Empacado en blister individual</li></ul>\n', NULL, 10.00, 120.00, NULL, NULL, 1, '2012-05-04 05:18:19', 0, 0, 1, 8),
(279, 'Medias para mascotas', 'COMBO9', '<ul><li>Empaque de 6 unidades en diferentes tallas (S-M-L).<li>Anatómicas y elásticas para un buen ajuste.<li>Goma antideslizante.</li><li>Puede usarse para evitar que se rasquen en zonas con heridas y se lastimen.</li></ul>\n\n\n', NULL, NULL, NULL, NULL, NULL, 1, '2012-06-18 02:21:49', 0, 0, 1, 17),
(280, 'Kit de collar Isabelino.', 'LD5555', '<ul><li>Empaque de 7 collares de diferentes tallas (1-7).</li><li>Cierre mágico para ajuste.</li><li>De colocación fácil y rápido.</li><li>Unicolor.</li></li\n</ul>\n\n\n\n', NULL, NULL, NULL, NULL, NULL, 1, '2012-03-02 04:44:19', 0, 0, 1, 17),
(281, 'Bozal de nylon.', 'LD5151', '<ul><li>Se ajusta de una forma fácil y eficaz.</li><li>El material del que está hecho es suave y confortable y permite al perro respirar sin dificultad y tomar agua.</li><li>Empaque de 6 unidades, en tallas diferentes.</li>\n</ul>\n\n\n\n\n', NULL, NULL, 6.50, NULL, NULL, 1, '2012-03-02 04:42:34', 0, 0, 1, 17),
(282, 'Masajeador de piel.', 'LD627', '<ul><li>Elaborado en goma flexible y extra-resistente.</li><li>Diseñado para masajear la piel del perro proporcionándole una agradable sensación.</li><li>Ideal para restregar el jabón durante el baño.</li><li>Empacado en blister por unidad.</li></ul>\n', NULL, NULL, NULL, NULL, NULL, 1, '2012-03-02 04:47:28', 0, 0, 1, 5),
(283, 'Masajeador de piel.', 'LD615', '<ul><li>Elaborado en goma flexible y extra-resistente.</li><li>Diseñado para masajear la piel del perro proporcionándole una agradable sensación.</li><li>Ideal para restregar el jabón durante el baño.</li></ul>\n\n\n\n', NULL, NULL, NULL, NULL, NULL, 1, '2012-03-02 04:46:51', 0, 0, 1, 5),
(284, 'Kit de tetero para cachorros.', 'LD5138', '<strong>Contenido del pack</strong>:<p><ul><li>Un biberón.</li><li>Dos mamilas.</li><li>Cepillo de limpieza.</ul></p>\n\n\n', NULL, NULL, NULL, NULL, NULL, 1, '2012-03-02 04:40:38', 0, 0, 1, 17),
(285, 'Cepillo dental  tipo dedal.', '529', '\n<ul><li>Empaque de 2 piezas.<li>Se usan como dedal.</li><li> Uno con cerdas suaves al cual se le aplica pasta dental para una limpieza normal.</li><li> Uno con cerdas de goma para masajear las encías.</li> </ul>', 6.00, NULL, NULL, 3.00, NULL, 1, '2012-03-02 11:39:41', 0, 0, 1, 5),
(286, 'Cepillo de dientes.', '530', '<ul><li>Empaque de 2 piezas.<li>Mide 22 cm, suficiente para alcanzar cómodamente todos los dientes de la boca de cualquier perro.</li><li> Gran comodidad a la hora de lavar los dientes de su mascota y acorta el tiempo de cepillado.</li><li>Su uso continuo ayuda a prevenir la acumulación de placa bacteriana y sarro dental.</li> </ul>', 22.00, 2.00, NULL, NULL, NULL, 1, '2012-03-02 11:40:43', 0, 0, 1, 5),
(287, 'Bolsas recolectoras.', 'LD5171', '<ul><li>Pack de unidades.</li><li>Cada unidad contiene 100 bolsas.</li><li>Tamaño estándar que funciona en los porta-bolsa de cualquier marca.</li> </ul>\n\n\n\n', NULL, NULL, NULL, NULL, NULL, 3, '2012-03-02 04:43:30', 0, 0, 1, 17),
(288, 'Peine saca-pulgas.', 'GR1367', '<ul><li>Dientes dobles,finos y fuertes.</li><li>Permite eliminar con facilidad y seguridad los parásitos de su mascota.</li><li>También sirve para quitar el polvo acumulado en el manto o deshechos de pulgas cuando no pueda bañar a la mascota.</li><li>Color rosado.</li><li>Empacado en blister por unidad.</li></ul>\n', 6.00, 5.80, NULL, NULL, NULL, 1, '2012-07-23 04:40:23', 1, 0, 1, 5),
(289, 'Peine saca-pulgas.', 'GR1216', '<ul><li>Dientes dobles,finos y fuertes.</li><li>Permite eliminar con facilidad y seguridad los parásitos de su mascota.</li><li>También sirve para quitar el polvo acumulado en el manto o deshechos de pulgas cuando no pueda bañar a la mascota.</li><li>Color negro.</li><li>Empacado en blister por unidad.</li></ul>\n', 6.00, 5.80, NULL, NULL, NULL, 1, '2012-03-02 03:21:06', 0, 0, 1, 5),
(290, 'Sistema de ozono.', 'OG-501', '<strong>Sistema de ozono - Purificador de aire.</strong><p></p>\n<ul><li>Ideal para tiendas de animales, clínicas veterinaria, hoteles caninos, etc.</li><li>Especial para eliminar malos olores, bacterias, hongos y virus en el aire.</li><li>Purifica el aire en una zona de 32 m2 en 5 minutos.</li><li>Libre de mantenimiento</li><li>Temporizador para apagado automático programable.</li></ul>\n\n\n', NULL, NULL, NULL, NULL, NULL, 1, '2012-03-03 10:40:38', 0, 0, 1, 17),
(291, 'Pelota de mecate.', 'RT4244', 'Pelota de mecate.\n', NULL, NULL, NULL, 7.00, NULL, 3, '2012-03-06 09:04:23', 0, 0, 1, 2),
(292, 'Bandeja para gatos.', 'LD5150', '<ul><li>Fabricada en materiales totalmente resistentes y de alta calidad.</li><li>Borde superior para mantener el espacio sin rastros de arena.</li><li>Amplitud ideal para la comodidad de los gatos adultos.</li><li>Color: Azul/Rojo.</li><li>Borde: Blanco.</li><li>Empacado por unidad.</li></ul>', 14.50, 28.50, 38.50, NULL, NULL, 1, '2012-03-02 04:41:27', 0, 0, 2, 9),
(293, 'Bandeja para gato.', 'LD5114', '<ul><li>Fabricada en materiales totalmente resistentes y de alta calidad.</li><li>Borde superior para mantener el espacio sin rastros de arena.</li><li>Amplitud ideal para la comodidad de los gatos adultos.</li><li>Color: Rosado/Verde.</li><li>Empacado por unidad.</li></ul>\n\n', 17.00, 35.50, 48.50, NULL, NULL, 1, '2012-02-15 11:39:30', 0, 0, 2, 9),
(294, 'Bandeja para gato.', 'LD715', '<ul><li>Paredes laterales suficientemente altas como para contener las piedras sanitarias y además evitar que el gato las elimine fuera del recipiente.</li><li>Elaborada en plástico resistente.</li><li>Color: Azul/Verde/Amarillo.</li><li>Venta por unidad.</li></ul>\n', 14.00, 33.50, 37.00, NULL, NULL, 1, '2012-03-02 04:56:08', 0, 0, 2, 9),
(295, 'Bandeja para gatos.', 'LD5115', '<ul><li>Fabricada en materiales totalmente resistentes y de alta calidad.</li><li>Borde superior para mantener el espacio sin rastros de arena.</li><li>Amplitud ideal para la comodidad de los gatos adultos.</li><li>Color: Negro.</li><li>Borde: Azul/Rosado.</li><li>Empacado por unidad.</li></ul>\n\n', 15.50, 29.00, 38.50, NULL, NULL, 1, '2012-02-15 11:40:00', 0, 0, 2, 9),
(296, 'Bandeja para gato.', 'LD5044', '<ul><li>Fabricada en materiales totalmente resistentes y de alta calidad.</li><li>Borde superior para mantener el espacio sin rastros de arena.</li><li>Amplitud ideal para la comodidad de los gatos adultos.</li><li>Color: Negro.</li><li>Borde: Rosado/Azul/Amarillo.</li><li>Empacado por unidad.</li></ul>\n\n\n', 17.00, 35.00, 48.50, NULL, NULL, 1, '2012-03-02 03:56:32', 0, 0, 2, 9),
(297, 'Pala de arena para gato.', 'LD5135S', '<ul><li>Elaborada en plástico resistente.</li><li>Posee ranuras, a través de ellas cae la arena que no ha sido utilizada, y solo se retiran los desechos sólidos.</li><li>\nDisponible en colores azul claro, rosado, azul oscuro y rojo.</li><li>Empacado por unidad.</li>\n</ul>\n', NULL, NULL, NULL, NULL, NULL, 1, '2012-03-02 04:39:54', 0, 0, 2, 11),
(298, 'Pala de arena para gatos.', 'LD5135L', '<ul><li>Elaborada en plástico resistente.</li><li>Posee ranuras, a través de ellas cae la arena que no ha sido utilizada, y solo se retiran los desechos sólidos.</li><li>\nDisponible en colores azul claro, rosado, azul oscuro y rojo.</li><li>Empacado por unidad.</li>\n</ul>\n', NULL, NULL, NULL, NULL, NULL, 1, '2012-03-02 04:38:49', 0, 0, 2, 11),
(299, 'Collar para gatos.', 'CFW1001', '<ul><li>Empaque de 6 unidades.</li><li>Lucirá estupendo en el cuello de su mascota.</li><li>Fabricado con nylon de gran calidad con un precioso estampado de flores bordadas.</li><li>Incluye un cascabel de metal.</li></ul>\n\n\n', NULL, 1.00, 26.00, NULL, NULL, 1, '2012-03-02 10:50:21', 0, 0, 2, 19),
(300, 'Pelota para gatos.', 'CT1100', '<ul><li>El material del juguete le ayudará al cuidado de sus uñas y afilado de sus dientes.\n</li><li>Con este juguete conseguirá que su mascota haga ejercicio.</li><li>Evitará el aburrimiento y conductas inadecuadas como el destrozo de muebles.</li> <li>Empacado por unidad.</li></ul>\n\n\n\n', NULL, NULL, NULL, 9.00, NULL, 1, '2012-03-02 03:11:09', 0, 0, 2, 10),
(301, 'Pelota de mecate', 'RT4236', 'Pelota de mecate.\n\n\n', NULL, NULL, NULL, 7.00, NULL, 3, '2012-03-06 08:57:56', 0, 0, 1, 2),
(302, 'Jaula para hamster.', 'PD655', 'Jaula para hamster con accesorios\n', 25.00, 21.00, 31.00, NULL, NULL, 1, '2012-03-19 09:03:53', 0, 0, 6, 14),
(303, 'Juguete para gatos.', 'CT2333', '<ul><li>Base redonda que permite movimiento sin caerse.</li><li>Plumas en la parte superior, que atraerá la atención del gato.</li><li> Garantiza el entretenimiento prolongado de la mascota.</li><li>Diversos colores.</li><li>Empacado por unidad.</li>\n</ul>\n', NULL, NULL, NULL, NULL, NULL, 1, '2012-03-02 03:13:30', 0, 0, 2, 10),
(304, 'Arena para gatos aroma a manzana', 'CAT-1', '<ul><li>Presentación de 5 kgs (11 libras).</li><li>Especialmente rendidor gracias a su capacidad extrema de conglomerar.</li><li>Neutraliza los malos olores.</li><li>Aroma muy agradable a manzana.</li><li>Bolsa con aza para fácil manejo.</li></ul>\n', NULL, NULL, NULL, NULL, 5000.00, 1, '2012-06-18 10:27:39', 0, 0, 2, 12),
(305, 'Arena para gatos aroma a limón', 'CAT-2 ', '<ul><li>Presentación de 5 kgs (11 libras).</li><li>Especialmente rendidor gracias a su capacidad extrema de conglomerar.</li><li>Neutraliza los malos olores.</li><li>Aroma muy agradable a limón.</li><li>Bolsa con aza para fácil manejo.</li></ul>\n', NULL, NULL, NULL, NULL, 5000.00, 1, '2012-06-18 10:28:11', 0, 0, 2, 12),
(306, 'Arena para gatos natural ', 'CAT-3', '<ul><li>Presentación de 5 kgs (11 libras).</li><li>Especialmente rendidor gracias a su capacidad extrema de conglomerar.</li><li>Neutraliza los malos olores.</li><li>Sin aroma.</li><li>Bolsa con aza para fácil manejo.</li></ul>\n', NULL, NULL, NULL, NULL, 5000.00, 1, '2012-06-18 10:28:55', 0, 0, 2, 12),
(307, 'Collar con cascabel.', 'CFB1519', 'Collar con estampado y cascabel.', NULL, 15.00, NULL, NULL, NULL, 1, '2012-05-02 11:43:53', 0, 0, 1, 8),
(308, 'Collar con cascabel.', 'CFB1505', '<ul><li>Destacan por sus bonitos y divertidos colores y estampados.</li><li>Con cascabel para ubicar a tu mascota.</li><li>Capacidad de poder ajustarlos.</li><li>Fácil y cómodo de colocar por su sistema de cierre de click.</li><li>Aro de metal para colocar paseador.</li><li>Empacado por unidad.</li></ul>', NULL, 15.00, NULL, NULL, NULL, 1, '2012-05-04 05:10:20', 0, 0, 1, 8),
(309, 'Collar con cascabel.', 'CFB1018', 'Collar con cascabel.\n', NULL, 10.00, NULL, NULL, NULL, 1, '2012-05-02 11:54:48', 0, 0, 1, 8),
(310, 'Collar con cascabel.', 'CFB1510', '<ul><li>Destacan por sus bonitos y divertidos colores y estampados.</li><li>Con cascabel para ubicar a tu mascota.</li><li>Capacidad de poder ajustarlos.</li><li>Fácil y cómodo de colocar por su sistema de cierre de click.</li><li>Aro de metal para colocar paseador.</li><li>Empacado por unidad.</li></ul>', NULL, 15.00, NULL, NULL, NULL, 1, '2012-05-04 05:15:57', 0, 0, 1, 8),
(311, 'Collar para gato.', 'SH827', 'Colla para gato.', NULL, NULL, NULL, NULL, NULL, 1, '2012-05-02 11:48:48', 0, 0, 2, 19),
(312, 'Collar con cascabel.', 'CFB1506', '<ul><li>Destacan por sus bonitos y divertidos colores y estampados.</li><li>Con cascabel para ubicar a tu mascota.</li><li>Capacidad de poder ajustarlos.</li><li>Fácil y cómodo de colocar por su sistema de cierre de click.</li><li>Aro de metal para colocar paseador.</li><li>Empacado por unidad.</li></ul>', NULL, 15.00, NULL, NULL, NULL, 1, '2012-05-04 05:11:10', 0, 0, 1, 8),
(313, 'Caja de pelota deportiva.', 'FRP654C', '<ul><li>Pack de 12 pelotas</li><li>Hecho de goma blanda de alta resistencia.</li><li> Pelotas de colores llamativos  y gran rebote que son ideales para juegos en el parque.</li><li>Empaque de cartón para exhibición.</li></ul>', NULL, NULL, NULL, 6.00, NULL, 1, '2012-05-04 04:53:28', 0, 0, 1, 2),
(314, 'Jaula para hamster.', 'S52', '<ul><li>Elaborada en acrílico y metal.</li><li>Incluye accesorios para juegos, bebedero y comedero.</li><li> Portátil y de fácil limpieza.</li><li>Disponible en 3 colores.</li>\n</ul>\n', 19.00, 19.00, 26.00, NULL, NULL, 1, '2012-03-20 02:20:42', 0, 0, 6, 14),
(315, 'Plantas de acuario.', 'AP-031', '<ul><li>Excelente diseño con base firme para su acuario.</li><li>Realza un paisaje natural a su pecera.</li><li>No mancha el agua.</li><li>Lavar antes de su uso.</li></ul>', 15.00, NULL, NULL, NULL, NULL, 1, '2012-07-23 04:44:43', 1, 0, 4, 15),
(316, 'Plantas para acuario.', 'AP-065', '<ul><li>Excelente diseño con base firme para su acuario.</li><li>Realza un paisaje natural a su pecera.</li><li>No mancha el agua.</li><li>Lavar antes de su uso.</li></ul>\n', 30.00, NULL, NULL, NULL, NULL, 1, '2012-07-23 04:48:32', 1, 0, 4, 15),
(317, 'Plantas de acuario.', 'AP-057', '<ul><li>Excelente diseño con base firme para su acuario.</li><li>Realza un paisaje natural a su pecera.</li><li>No mancha el agua.</li><li>Lavar antes de su uso.</li></ul>', 15.00, NULL, NULL, NULL, NULL, 1, '2012-07-23 04:45:41', 1, 0, 4, 15),
(318, 'Pelota de mecate.', 'RT4237', 'Pelota de mecate.', NULL, NULL, NULL, 7.00, NULL, 3, '2012-03-06 08:46:33', 0, 0, 1, 2),
(319, 'Pelota de mecate.', 'RT4230', 'Pelota de mecate.\n', NULL, NULL, NULL, 7.00, NULL, 3, '2012-03-06 09:16:36', 0, 0, 1, 2),
(320, 'Plantas de acuario.', 'AP-044', '<ul><li>Excelente diseño con base firme para su acuario.</li><li>Realza un paisaje natural a su pecera.</li><li>No mancha el agua.</li><li>Lavar antes de su uso.</li></ul>', 30.50, NULL, NULL, NULL, NULL, 1, '2012-07-23 04:45:20', 1, 0, 4, 15),
(321, 'Pelota de mecate.', 'RT4235', 'Pelota de mecate.\n', NULL, NULL, NULL, 7.00, NULL, 3, '2012-03-06 08:42:17', 0, 0, 1, 2),
(322, 'Plantas de acuario.', 'AP-040', '<ul><li>Excelente diseño con base firme para su acuario.</li><li>Realza un paisaje natural a su pecera.</li><li>No mancha el agua.</li><li>Lavar antes de su uso.</li></ul>', 30.50, NULL, NULL, NULL, NULL, 1, '2012-07-23 04:45:04', 1, 0, 4, 15),
(323, 'Pechera con paseador.', 'LHB1523', '<ul><li>Elaborada en nylon reforzado.</li><li>Acolchada y con diseños de decoración muy bonitos y exclusivos.<li>Pechera ajustable e incluye sistema de cierre mediante click para fácil uso.</li><li>Colores variados.</li><li>Venta por unidad.</li>\n</ul>', NULL, NULL, 120.00, NULL, NULL, 1, '2012-05-04 04:58:12', 0, 0, 1, 7),
(324, 'Paseador extensible.', 'L001-C/B', 'Paseador extensible para perros 3 metros de longitud.', NULL, NULL, NULL, NULL, NULL, 1, '2012-05-02 03:42:27', 0, 0, 1, 4),
(325, 'Paseador extensible.', 'L001-C/A', 'Paseador extensible para perros 3 metros de longitud.\n\n\n\n', NULL, NULL, 3.00, NULL, NULL, 1, '2012-05-02 03:29:36', 0, 0, 1, 4),
(326, 'Tortuguera de transporte.', 'LD728S', '<ul><li>Tortuguera de plástico con asa para transporte.</li><li>Ideal y cómoda para salir de viaje con su tortuga.</li><li>Transparente con tapa de colores: Verde, Rosado y Azul.</li><li>Venta por unidad.</li>\n</ul>\n\n\n\n', 16.00, 8.50, 11.00, NULL, NULL, 1, '2012-06-18 02:19:51', 0, 0, 5, 20),
(327, 'Tortuguera de transporte.', 'LD728M', '<ul><li>Tortuguera de plástico con asa para transporte.</li><li>Ideal y cómoda para salir de viaje con su tortuga.</li><li>Transparente con tapa de colores: Verde, Rosado y Azul.</li><li>Venta por unidad.</li>\n</ul>\n\n\n\n', 22.00, 13.00, 16.00, NULL, NULL, 1, '2012-06-18 02:18:53', 0, 0, 5, 20),
(328, 'Tortuguera de transporte.', 'LD728L', '<ul><li>Tortuguera de plástico con asa para transporte.</li><li>Ideal y cómoda para salir de viaje con su tortuga.</li><li>Transparente con tapa de colores: Verde, Rosado y Azul.</li><li>Venta por unidad.</li>\n</ul>\n\n\n\n', 25.00, 15.00, 19.00, NULL, NULL, 1, '2012-06-18 02:17:27', 0, 0, 5, 20),
(329, 'Pelota para roedores.', 'LD5128', '<ul><li>Base metálica.</li><li>Elaborada en acrílico. </li><li>Ranuras que permiten ventilación mientra la mascota se ejercita.</li><li>Empacadas en caja por unidad.</li><li>Color rosado.</ul>\n', NULL, NULL, NULL, 17.70, NULL, 1, '2012-03-02 04:37:54', 0, 0, 6, 14),
(334, 'Pelota de tenis.', 'TT1006', '<ul><li>Hecha de un material duradero y resistente.</li><li>Ideales para jugar a que su mascota busque y regrese la pelota.</li><li>Disponible en varios tamaños para que todos los perros puedan divertirse con ellas.</li><li>Colores llamativos.</li><li>Empacada por unidad.</li></ul>', NULL, NULL, NULL, 10.00, NULL, 1, '2012-03-03 04:59:55', 0, 0, 1, 2),
(338, 'Córdon con juguete de goma.', 'YZK043', '<ul><li>Están fabricados con un material muy resistente y duradero.</li><li>Incluye una cuerda de nylon resistente.</li><li>Puede usarlo para jugar al lanzar y recoger.</li><li>Gracias a su forma con múltiples pinchos este mordedor limpia los dientes y masajea las encías de su mascota mientras juega.</li><li>Color verde.</li><li>Empacado por unidad.</li></ul>\n\n', NULL, NULL, NULL, NULL, NULL, 1, '2012-03-05 11:02:03', 0, 0, 1, 2),
(342, 'Comedero melamina.', 'M301', '<ul><li>Elaborado de melamina resistente.</li><li>Goma antideslizante.</li><li>Diseños exclusivos.</li><li>Superficie lisa de fácil limpieza.</li><li>Venta por unidad.</li></ul>\n', NULL, NULL, NULL, NULL, NULL, 1, '2012-03-03 09:45:58', 0, 0, 1, 1),
(343, 'Pelota pequeña.', 'VT1003', '<ul><li>Fabricada de material no toxico.</li><li>El sonido que se produce al apretarla agrega atractivo a este juguete.</li><li>Es de material blando por lo que es perfecto para cachorros y perros en general.</li><li>Es un juguete perfecto para jugar al lanzar y recoger, proporcionará horas de diversión y entretenimiento a tu mascota.</li><li>Colores llamativos</li><li>Empacado por unidad.</li></ul>', NULL, NULL, NULL, NULL, NULL, 1, '2012-03-03 05:04:19', 0, 0, 1, 2),
(344, 'Cadena.', 'SHH3060', '<ul><li>Cadena de amarre de gran calidad.</li><li>Suficientemente largas para que su mascota pueda caminar durante el periodo que este amarrado.</li></ul>\n', NULL, NULL, NULL, NULL, NULL, 1, '2012-03-03 04:31:39', 0, 0, 1, 8),
(345, 'Cadena.', 'SHH3510', '<ul><li>Cadena de amarre de gran calidad.</li><li>Suficientemente largas para que su mascota pueda caminar durante el periodo que este amarrado.</li></ul>\n', NULL, NULL, NULL, NULL, NULL, 1, '2012-03-03 04:32:59', 0, 0, 1, 8),
(346, 'Cadena.', 'SHH4010', '<ul><li>Cadena de amarre de gran calidad.</li><li>Suficientemente largas para que su mascota pueda caminar durante el periodo que este amarrado.</li></ul>\n', NULL, NULL, NULL, NULL, NULL, 1, '2012-03-03 04:33:36', 0, 0, 1, 8),
(347, 'Cadena.', 'SHH4060', '<ul><li>Cadena de amarre de gran calidad.</li><li>Suficientemente largas para que su mascota pueda caminar durante el periodo que este amarrado.</li></ul>\n', NULL, NULL, NULL, NULL, NULL, 1, '2012-03-03 04:34:55', 0, 0, 1, 8),
(348, 'Collar con paseador.', 'LCB1542', 'Collar con paseador.', NULL, 15.00, 120.00, NULL, NULL, 1, '2012-05-02 03:09:02', 0, 0, 1, 8),
(349, 'Cordón con pelota.', 'RT2131', '<ul><li>Fabricado en algodón muy resistente en unos llamativos colores.</li><li>Incluye dos pelotas de tenis en sus extremos y esta enlazado en su zona central.</li><li>Colores llamativos.</li><li>Empacado por unidad.</li></ul>', NULL, NULL, NULL, NULL, NULL, 1, '2012-06-18 11:20:48', 0, 0, 1, 2),
(350, 'Converse.', 'SH5001-1', '<ul><li>Suela resistente.</li><li>Trenzas que permiten mejor ajuste.</li><li>Durante el paseo, el uso de zapatos protege a su mascota de vidrios rotos, garrapatas, mugre, etc.</li><li>Dentro de la casa, evita rasguños en el piso, tapicería de cuero, revestimientos delicados.</li><li>Colores: Azul y Rosado.</li></ul>', NULL, NULL, NULL, NULL, NULL, 1, '2012-07-23 01:57:06', 1, 0, 1, 17),
(351, 'Comedero y bebedero.', 'LD5022', '<ul><li>Recipientes para agua y comida.</li><li>Capacidad: 2kg de alimento / 2 litros de agua.</li><li>Ideal para cuando se está ausentarte o se tienen varios animales en casa.\n</li><li>Es muy simple, ya que el alimento cae al plato por gravedad.</li><li>El botellón es translúcido para que se pueda ver fácilmente cuando rellenarlo.</li><li>Tiene una tapa en la parte superior para rellenarlo con comodidad.</li><li>Disponible en colores: Verde, Azul y Rosado.</li></ul>\n\n', NULL, NULL, NULL, NULL, NULL, 1, '2012-03-02 03:54:55', 0, 0, 1, 1),
(352, 'Pala recolectora.', 'P778', '<ul><li>Evita tener que agacharse para recoger los desechos.</li><li>Plástico resistente y de fácil aseo.</li><li>Uso sencillo con una sola mano.</li><li>Disponible en 2 colores.</li><li>Venta por unidad.</li></ul>', 12.50, 69.00, NULL, NULL, NULL, 1, '2012-03-03 10:41:31', 0, 0, 1, 17),
(353, 'Rascador para Gatos.', '110735', '<ul><li>Producto de excelente calidad.</li><li>Perfecto para hogares pequeños.</li><li>Tiene un diseño muy práctico y discreto para situarlo en cualquier lugar de su hogar.</li>\n</ul>', 43.00, 34.00, 34.00, NULL, NULL, 1, '2012-07-23 04:29:30', 1, 0, 2, 11),
(355, 'Collar con cascabel', 'CFB1523', '<ul><li>Empaque de 6 unidades.</li><li>Lucirá estupendo en el cuello de su mascota.</li><li>Fabricado con nylon de gran calidad con un precioso estampado.</li><li>Incluye un cascabel de metal.</li></ul>\n', NULL, 1.00, 30.00, NULL, NULL, 1, '2012-03-02 10:51:47', 0, 0, 1, 8),
(356, 'Collar para gatos.', 'CFW1039', '<ul><li>Empaque de 6 unidades.</li><li>Lucirá estupendo en el cuello de su mascota.</li><li>Fabricado con nylon de gran calidad con un precioso estampado de flores bordadas.</li><li>Incluye un cascabel de metal.</li></ul>\n', NULL, 0.50, 22.50, NULL, NULL, 1, '2012-03-02 10:52:34', 0, 0, 2, 19),
(357, 'Jaulas para perros y gatos.', 'KA505', '<ul><li>Modulo de jaulas metálicas en 3 tamaños.</li><li>Diseñado para ofrecer seguridad, fuerza y longevidad.</li><li>Desarmable y de fácil aseo.</li><li>Incluye bandejas plásticas para los desperdicios.</li><li>Divisores en las jaulas mas grandes.</li>\n</ul>\n', NULL, NULL, NULL, NULL, NULL, 1, '2012-03-02 11:03:01', 0, 0, 1, 5),
(358, 'Comedero de acero inoxidable.', 'SS103-1', '<ul><li>Producto fabricado en acero inoxidable, muy resistente.</li><li>Base antideslizante de goma y no tóxicos.</li> <li>Pueden limpiarse con gran facilidad.</li><li>Venta por unidad.</li></ul>', NULL, NULL, NULL, NULL, NULL, 1, '2012-06-18 10:33:48', 0, 0, 1, 1),
(359, 'Comedero de acero inoxidable.', 'SS103-2', '<ul><li>Producto fabricado en acero inoxidable, muy resistente.</li><li>Base antideslizante de goma y no tóxicos.</li> <li>Pueden limpiarse con gran facilidad.</li><li>Venta por unidad.</li></ul>', NULL, NULL, NULL, NULL, NULL, 1, '2012-06-18 10:35:00', 0, 0, 1, 1),
(360, 'Comedero de plastico unicolor.', 'LD5003S', '<ul><li> Plástico de alta calidad, muy resistente y no tóxico.</li><li>Color: Amarillo/Azul/Rojo.</li></ul>\n', 13.00, 13.00, NULL, 5.00, NULL, 1, '2012-03-02 11:21:48', 0, 0, 1, 1),
(361, 'Jaula de transporte.', 'S9', 'Jaula de transporte para roedores', 22.00, 20.00, 30.00, NULL, NULL, 1, '2012-04-30 10:31:18', 0, 0, 6, 14),
(362, 'Kennel mediano.', 'LD7011-3', '<ul><li>Elaborado en plástico resistente.</li><li>Puerta metálica.</li><li>Posee la opción de quitar la parte superior, añada una colchoneta y tendrá una cuna abierta para el descanso de su mascota.</li></ul>', 41.00, 51.00, 67.00, NULL, NULL, 1, '2012-06-18 09:55:27', 0, 0, 1, 13),
(363, 'Kennel grande.', 'LD7011-4', '<ul><li>Elaborado en plástico resistente.</li><li>Puerta metálica.</li><li>Posee la opción de quitar la parte superior, añada una colchoneta y tendrá una cuna abierta para el descanso de su mascota.</li></ul>', 58.00, 56.00, 80.00, NULL, NULL, 1, '2012-06-18 09:59:03', 0, 0, 1, 13),
(364, 'Mesa de diagnóstico veterinario.', 'FT-824', '<ul>\n<li>Superficie de acero inoxidable.</li></ul>\n<ul>\n<li>Pedal de contro hidraulico.</li></ul>\n<ul>\n<li>Alta calidad.</li></ul>\n\n\n', 110.00, 60.00, 90.00, NULL, NULL, 1, '2012-07-27 09:24:45', 1, 0, 1, 18),
(365, 'Pechera con paseador.', 'LD8003-10', '<ul><li>Elaborado de nylon de gran calidad.</li><li>Suave y cómodo de llevar.</li><li>Pechera ajustable sin niveles.</li> <li> Cierre práctico.</li><li>Muy buena relación de precio y calidad.</li><li>Venta por unidad.</li></ul>\n', 19.00, 30.00, 120.00, NULL, NULL, 1, '2012-06-18 02:02:41', 0, 0, 1, 7),
(366, 'Pechera con paseador. ', 'LD8003-20', '<ul><li>Elaborado de nylon de gran calidad.</li><li>Suave y cómodo de llevar.</li><li>Pechera ajustable sin niveles.</li> <li> Cierre práctico.</li><li>Muy buena relación de precio y calidad.</li><li>Venta por unidad.</li></ul>\n', 28.00, 19.00, 120.00, NULL, NULL, 1, '2012-06-18 02:08:50', 0, 0, 1, 7),
(367, 'Mesa hidraulica.', 'LT-1201', '<ul>\n<li>Mesa hidraulica para peluqueria.</li></ul>\n', 95.00, 60.00, 100.00, NULL, NULL, 1, '2012-06-18 02:29:21', 0, 0, 1, 17),
(368, 'Pelota de vinyl.', 'VT2661', '<ul><li>Fabricada de material no toxico.</li><li>El sonido que se produce al apretarla agrega atractivo a este juguete.</li><li>Es de material blando por lo que es perfecto para cachorros y perros en general.</li><li>Es un juguete que proporcionará horas de diversión y entretenimiento a tu mascota.</li><li>Colores llamativos</li><li>Empacado por unidad.</li></ul>', NULL, NULL, NULL, 6.00, NULL, 1, '2012-07-23 12:19:11', 0, 0, 1, 2),
(369, 'Pelota de vinyl.', ' VT2662', '<ul><li>Fabricada de material no toxico.</li><li>El sonido que se produce al apretarla agrega atractivo a este juguete.</li><li>Es de material blando por lo que es perfecto para cachorros y perros en general.</li><li>Es un juguete que proporcionará horas de diversión y entretenimiento a tu mascota.</li><li>Colores llamativos</li><li>Empacado por unidad.</li></ul>', NULL, NULL, NULL, 6.00, NULL, 1, '2012-07-23 01:43:00', 0, 0, 1, 2),
(372, 'Camas para perros.', 'BJ4227E', '<ul><li>Set de 5 piezas.</li><li>Espaciosa y cómoda, elaborada con el mejor material.</li><li>Cálida y muy resistente, proporcionando a su mascota un lugar adecuado para descansar.</li><li>Es una pieza fundamental para el descanso de su mascota.</li></ul>', NULL, NULL, NULL, NULL, NULL, 1, '2012-07-23 04:19:56', 1, 0, 1, 16);

-- --------------------------------------------------------

--
-- Estructura de tabla para la tabla `articulos_pedido`
--

CREATE TABLE IF NOT EXISTS `articulos_pedido` (
  `id` int(11) NOT NULL AUTO_INCREMENT,
  `id_pedido` int(11) NOT NULL,
  `id_articulo` int(11) NOT NULL,
  `cantidad` int(11) NOT NULL,
  `inactivo` int(11) NOT NULL,
  PRIMARY KEY (`id`)
) ENGINE=InnoDB  DEFAULT CHARSET=utf8 COLLATE=utf8_spanish_ci AUTO_INCREMENT=9 ;

--
-- Volcado de datos para la tabla `articulos_pedido`
--

INSERT INTO `articulos_pedido` (`id`, `id_pedido`, `id_articulo`, `cantidad`, `inactivo`) VALUES
(1, 1, 286, 10, 0),
(3, 1, 162, 10, 0),
(4, 1, 63, 1, 0),
(5, 1, 353, 10, 0),
(6, 1, 286, 10, 0),
(7, 1, 63, 10, 0),
(8, 1, 162, 3, 0);

-- --------------------------------------------------------

--
-- Estructura de tabla para la tabla `categorias`
--

CREATE TABLE IF NOT EXISTS `categorias` (
  `id` int(11) NOT NULL AUTO_INCREMENT,
  `nombre` varchar(100) NOT NULL,
  `inactivo` int(11) NOT NULL DEFAULT '0',
  PRIMARY KEY (`id`)
) ENGINE=InnoDB  DEFAULT CHARSET=latin1 AUTO_INCREMENT=7 ;

--
-- Volcado de datos para la tabla `categorias`
--

INSERT INTO `categorias` (`id`, `nombre`, `inactivo`) VALUES
(1, 'Perros', 0),
(2, 'Gatos', 0),
(3, 'Aves', 1),
(4, 'Peces', 0),
(5, 'Reptiles', 0),
(6, 'Roedores', 0);

-- --------------------------------------------------------

--
-- Estructura de tabla para la tabla `cliente`
--

CREATE TABLE IF NOT EXISTS `cliente` (
  `id` int(11) NOT NULL AUTO_INCREMENT,
  `id_usuario` int(11) NOT NULL,
  `nombre` varchar(25) NOT NULL,
  `rif` varchar(25) NOT NULL,
  `direccion` text NOT NULL,
  `id_tipo` int(11) NOT NULL DEFAULT '0',
  `credito` int(11) NOT NULL DEFAULT '0',
  `telefono` varchar(25) NOT NULL,
  `inactivo` int(11) NOT NULL DEFAULT '0',
  PRIMARY KEY (`id`,`id_tipo`)
) ENGINE=InnoDB  DEFAULT CHARSET=latin1 AUTO_INCREMENT=3 ;

--
-- Volcado de datos para la tabla `cliente`
--

INSERT INTO `cliente` (`id`, `id_usuario`, `nombre`, `rif`, `direccion`, `id_tipo`, `credito`, `telefono`, `inactivo`) VALUES
(1, 4, 'Marco Vilera', 'V-17389265', 'Calle Sanoja, Qta. La Casita, Los Chaguaramos.', 1, 0, '02126932837', 0),
(2, 5, 'Cesar Vilera', '17389264', 'Cumbres de curumo', 1, 0, '04129802136', 0);

-- --------------------------------------------------------

--
-- Estructura de tabla para la tabla `fotos`
--

CREATE TABLE IF NOT EXISTS `fotos` (
  `id` int(11) NOT NULL AUTO_INCREMENT,
  `descripcion` text,
  `direccion` text NOT NULL,
  `inactivo` int(11) NOT NULL DEFAULT '0',
  PRIMARY KEY (`id`)
) ENGINE=InnoDB  DEFAULT CHARSET=latin1 AUTO_INCREMENT=698 ;

--
-- Volcado de datos para la tabla `fotos`
--

INSERT INTO `fotos` (`id`, `descripcion`, `direccion`, `inactivo`) VALUES
(1, 'LD5101-1', '/fotos2/LD5101/', 0),
(2, 'LD5101-2', '/fotos2/LD5101/', 0),
(3, 'LD5014S-1', '/fotos2/LD5014S/', 0),
(4, 'LD5014S-2', '/fotos2/LD5014S/', 0),
(5, 'LD5003L-1', '/fotos2/LD5003L/', 0),
(6, 'LD5003L-2', '/fotos2/LD5003L/', 0),
(7, 'LD5003XL-1', '/fotos2/LD5003XL/', 0),
(8, 'LD5003XL-2', '/fotos2/LD5003XL/', 0),
(9, 'LD5005L-1', '/fotos2/LD5005L/', 0),
(10, 'LD5005M-1', '/fotos2/LD5005M/', 0),
(11, 'LD5005S-1', '/fotos2/LD5005S/', 0),
(12, 'LD5011L-1', '/fotos2/LD5011L/', 0),
(13, 'LD5011L-2', '/fotos2/LD5011L/', 0),
(14, 'LD5011L-3', '/fotos2/LD5011L/', 0),
(15, 'LD5011M-1', '/fotos2/LD5011M/', 0),
(16, 'LD5011M-2', '/fotos2/LD5011M/', 0),
(17, 'LD5011M-3', '/fotos2/LD5011M/', 0),
(18, 'LD5011S-1', '/fotos2/LD5011S/', 0),
(19, 'LD5011S-2', '/fotos2/LD5011S/', 0),
(20, 'LD5011S-3', '/fotos2/LD5011S/', 0),
(21, 'LD5012L-1', '/fotos2/LD5012L/', 0),
(22, 'LD5012L-2', '/fotos2/LD5012L/', 0),
(23, 'LD5012M-1', '/fotos2/LD5012M/', 0),
(24, 'LD5012M-2', '/fotos2/LD5012M/', 0),
(25, 'LD5012S-1', '/fotos2/LD5012S/', 0),
(26, 'LD5012S-2', '/fotos2/LD5012S/', 0),
(27, 'LD5014M-1', '/fotos2/LD5014M/', 0),
(28, 'LD5014M-2', '/fotos2/LD5014M/', 0),
(29, 'LD5014M-3', '/fotos2/LD5014M/', 0),
(30, 'LD5014L-1', '/fotos2/LD5014L/', 0),
(31, 'LD5014L-2', '/fotos2/LD5014L/', 0),
(32, 'LD5014L-3', '/fotos2/LD5014L/', 0),
(33, '517-1', '/fotos2/517/', 0),
(34, '812-1', '/fotos2/812/', 0),
(35, '813-1-1', '/fotos2/813-1/', 0),
(36, '814-1', '/fotos2/814/', 0),
(37, '815-1', '/fotos2/815/', 0),
(38, '816-1', '/fotos2/816/', 0),
(39, '817-1', '/fotos2/817/', 0),
(40, 'AP-018-1', '/fotos2/AP-018/', 0),
(41, 'AP-040-1', '/fotos2/AP-040/', 0),
(42, 'AP-044-1', '/fotos2/AP-044/', 0),
(43, 'AP-618L-1', '/fotos2/AP-618L/', 0),
(44, 'BJ4143-1', '/fotos2/BJ4143/', 0),
(45, 'BJ4227-1', '/fotos2/BJ4227/', 0),
(46, 'CAT-1-1', '/fotos2/CAT-1/', 0),
(47, 'CAT-2 -1', '/fotos2/CAT-2 /', 0),
(48, 'CAT-3-1', '/fotos2/CAT-3/', 0),
(49, 'CSJP170-3-1', '/fotos2/CSJP170-3/', 0),
(50, 'CSJP170-3-2', '/fotos2/CSJP170-3/', 0),
(51, 'CSJP170-4-1', '/fotos2/CSJP170-4/', 0),
(52, 'CSJP170-4-2', '/fotos2/CSJP170-4/', 0),
(53, 'CSJP170-5-1', '/fotos2/CSJP170-5/', 0),
(54, 'CSJP170-5-2', '/fotos2/CSJP170-5/', 0),
(55, '6059-1', '/fotos2/6059/', 0),
(56, '6059-2', '/fotos2/6059/', 0),
(57, '6059-3', '/fotos2/6059/', 0),
(58, '6059-4', '/fotos2/6059/', 0),
(59, '6059-5', '/fotos2/6059/', 0),
(60, '6059-6', '/fotos2/6059/', 0),
(61, '807-1', '/fotos2/807/', 0),
(62, '807-2', '/fotos2/807/', 0),
(63, '807-3', '/fotos2/807/', 0),
(64, '807-4', '/fotos2/807/', 0),
(65, '807-5', '/fotos2/807/', 0),
(66, '807-6', '/fotos2/807/', 0),
(67, 'BG-108P-1', '/fotos2/BG-108P/', 0),
(68, 'BG-177BU-1', '/fotos2/BG-177BU/', 0),
(69, 'BG-223RD-1', '/fotos2/BG-223RD/', 0),
(70, 'BJ4028-1', '/fotos2/BJ4028/', 0),
(71, 'BJ4028-2', '/fotos2/BJ4028/', 0),
(72, 'BJ4075-1', '/fotos2/BJ4075/', 0),
(73, 'BJ4227A-1', '/fotos2/BJ4227A/', 0),
(74, 'BJ4227A-2', '/fotos2/BJ4227A/', 0),
(75, 'BJ4227B-1', '/fotos2/BJ4227B/', 0),
(76, 'BJ4227B-2', '/fotos2/BJ4227B/', 0),
(77, 'BJ4727D-1', '/fotos2/BJ4727D/', 0),
(78, 'BJ4727D-2', '/fotos2/BJ4727D/', 0),
(79, 'C10801-1', '/fotos2/C10801/', 0),
(80, 'C10903-1', '/fotos2/C10903/', 0),
(81, 'BJ4227C-1', '/fotos2/BJ4227C/', 0),
(82, 'BJ4227C-2', '/fotos2/BJ4227C/', 0),
(83, 'CFB1501-1', '/fotos2/CFB1501/', 0),
(84, 'CFB1501-2', '/fotos2/CFB1501/', 0),
(85, 'CFW1001-1', '/fotos2/CFW1001/', 0),
(86, 'COMBO9-1', '/fotos2/COMBO9/', 0),
(87, 'COMBO9-2', '/fotos2/COMBO9/', 0),
(88, 'COMBO9-3', '/fotos2/COMBO9/', 0),
(89, 'COMBO9-4', '/fotos2/COMBO9/', 0),
(90, 'COMBO9-5', '/fotos2/COMBO9/', 0),
(91, 'COMBO9-6', '/fotos2/COMBO9/', 0),
(92, 'COMBO9-7', '/fotos2/COMBO9/', 0),
(93, 'COMBO9-8', '/fotos2/COMBO9/', 0),
(94, 'COMBO9-9', '/fotos2/COMBO9/', 0),
(95, 'COMBO9-10', '/fotos2/COMBO9/', 0),
(96, 'COMBO9-11', '/fotos2/COMBO9/', 0),
(97, 'COMBO9-12', '/fotos2/COMBO9/', 0),
(98, 'COMBO9-13', '/fotos2/COMBO9/', 0),
(99, 'CT1100-1', '/fotos2/CT1100/', 0),
(100, 'CT2100-1', '/fotos2/CT2100/', 0),
(101, 'CT2101-1', '/fotos2/CT2101/', 0),
(102, 'CT2333-1', '/fotos2/CT2333/', 0),
(103, 'EPA80026-1', '/fotos2/EPA80026/', 0),
(104, 'F221-1', '/fotos2/F221/', 0),
(105, 'F223-1', '/fotos2/F223/', 0),
(106, 'F237-1', '/fotos2/F237/', 0),
(107, 'F238-1', '/fotos2/F238/', 0),
(108, 'F238-2', '/fotos2/F238/', 0),
(109, 'FRN654B-1', '/fotos2/FRN654B/', 0),
(110, 'FRN654B-2', '/fotos2/FRN654B/', 0),
(111, 'FRN654B-3', '/fotos2/FRN654B/', 0),
(112, 'FRN654B-4', '/fotos2/FRN654B/', 0),
(113, 'FT-824-1', '/fotos2/FT-824/', 0),
(114, 'GR1216-1', '/fotos2/GR1216/', 0),
(115, 'GR1367-1', '/fotos2/GR1367/', 0),
(116, 'H-010-1', '/fotos2/H-010/', 0),
(117, 'H-037-1', '/fotos2/H-037/', 0),
(118, 'H-050-1', '/fotos2/H-050/', 0),
(119, '529-1', '/fotos2/529/', 0),
(120, '529-2', '/fotos2/529/', 0),
(121, '530-1', '/fotos2/530/', 0),
(122, '608-1', '/fotos2/608/', 0),
(123, 'AB1005-M-1', '/fotos2/AB1005-M/', 0),
(124, 'AB1005-M-2', '/fotos2/AB1005-M/', 0),
(125, 'AB1005-S-1', '/fotos2/AB1005-S/', 0),
(126, 'AB1005-S-2', '/fotos2/AB1005-S/', 0),
(127, 'AB1005-XS-1', '/fotos2/AB1005-XS/', 0),
(128, 'AB1005-XS-2', '/fotos2/AB1005-XS/', 0),
(129, 'AB1009-L-1', '/fotos2/AB1009-L/', 0),
(130, 'AB1009-L-2', '/fotos2/AB1009-L/', 0),
(131, 'AB1009-L-3', '/fotos2/AB1009-L/', 0),
(132, 'AB1009-M-1', '/fotos2/AB1009-M/', 0),
(133, 'AB1009-M-2', '/fotos2/AB1009-M/', 0),
(134, 'AB1009-M-3', '/fotos2/AB1009-M/', 0),
(135, 'AB1009-S-1', '/fotos2/AB1009-S/', 0),
(136, 'AB1009-S-2', '/fotos2/AB1009-S/', 0),
(137, 'AB1009-S-3', '/fotos2/AB1009-S/', 0),
(138, 'AP-031-1', '/fotos2/AP-031/', 0),
(139, 'AP-057-1', '/fotos2/AP-057/', 0),
(140, 'AP-065-1', '/fotos2/AP-065/', 0),
(141, 'GR1309-1', '/fotos2/GR1309/', 0),
(142, 'H9502P-1', '/fotos2/H9502P/', 0),
(143, 'H9502P-2', '/fotos2/H9502P/', 0),
(144, 'J9502P-1', '/fotos2/J9502P/', 0),
(145, 'J9502P-2', '/fotos2/J9502P/', 0),
(146, 'LCB1004-1', '/fotos2/LCB1004/', 0),
(147, 'LCB1528-1', '/fotos2/LCB1528/', 0),
(148, 'LCB1529-1', '/fotos2/LCB1529/', 0),
(149, 'LD3106-1', '/fotos2/LD3106/', 0),
(150, 'LD3108-1', '/fotos2/LD3108/', 0),
(151, 'LD3108-2', '/fotos2/LD3108/', 0),
(152, 'LD3109-1', '/fotos2/LD3109/', 0),
(153, 'LD3158-1', '/fotos2/LD3158/', 0),
(154, 'LD5024S-1', '/fotos2/LD5024S/', 0),
(155, 'LD5044-1', '/fotos2/LD5044/', 0),
(156, 'LD5066-1', '/fotos2/LD5066/', 0),
(157, 'LD5068-1', '/fotos2/LD5068/', 0),
(158, 'LD5071-1', '/fotos2/LD5071/', 0),
(159, 'LD5072-1', '/fotos2/LD5072/', 0),
(160, 'LD5076-1', '/fotos2/LD5076/', 0),
(161, 'LD5078-1', '/fotos2/LD5078/', 0),
(162, 'LD5082L-1', '/fotos2/LD5082L/', 0),
(163, 'LD5082S-1', '/fotos2/LD5082S/', 0),
(164, 'LD5087S-1', '/fotos2/LD5087S/', 0),
(165, 'LD5087S-2', '/fotos2/LD5087S/', 0),
(166, 'LD5087S-3', '/fotos2/LD5087S/', 0),
(167, 'LD5102-1', '/fotos2/LD5102/', 0),
(168, 'LD5102-2', '/fotos2/LD5102/', 0),
(169, 'LD5114-1', '/fotos2/LD5114/', 0),
(170, 'LD5114-2', '/fotos2/LD5114/', 0),
(171, 'LD5115-1', '/fotos2/LD5115/', 0),
(172, 'LD5124L-1', '/fotos2/LD5124L/', 0),
(173, 'LD5128-1', '/fotos2/LD5128/', 0),
(174, 'LD5135L-1', '/fotos2/LD5135L/', 0),
(175, 'LD5135S-1', '/fotos2/LD5135S/', 0),
(176, 'LD5138-1', '/fotos2/LD5138/', 0),
(177, 'LD5138-2', '/fotos2/LD5138/', 0),
(178, 'LD5150-1', '/fotos2/LD5150/', 0),
(179, 'LD5150-2', '/fotos2/LD5150/', 0),
(180, 'LD5151-1', '/fotos2/LD5151/', 0),
(181, 'LD5151-2', '/fotos2/LD5151/', 0),
(182, 'LD5151-3', '/fotos2/LD5151/', 0),
(183, 'LD5151-4', '/fotos2/LD5151/', 0),
(184, 'LD5151-5', '/fotos2/LD5151/', 0),
(185, 'LD5151-6', '/fotos2/LD5151/', 0),
(186, 'LD5171-1', '/fotos2/LD5171/', 0),
(187, 'LD5555-1', '/fotos2/LD5555/', 0),
(188, 'LD5555-2', '/fotos2/LD5555/', 0),
(189, 'LD577A-1', '/fotos2/LD577A/', 0),
(190, 'LD577A-2', '/fotos2/LD577A/', 0),
(191, 'LD577B-1', '/fotos2/LD577B/', 0),
(192, 'LD577B-2', '/fotos2/LD577B/', 0),
(193, 'LD577B-3', '/fotos2/LD577B/', 0),
(194, 'LD577B-4', '/fotos2/LD577B/', 0),
(195, 'LD615-1', '/fotos2/LD615/', 0),
(196, 'LD627-1', '/fotos2/LD627/', 0),
(197, 'LD7011-2-1', '/fotos2/LD7011-2/', 0),
(198, 'LD7011-3-1', '/fotos2/LD7011-3/', 0),
(199, 'LD7011-4-1', '/fotos2/LD7011-4/', 0),
(200, 'LD7012-1', '/fotos2/LD7012/', 0),
(201, 'LD7013-1', '/fotos2/LD7013/', 0),
(202, 'LD715-1', '/fotos2/LD715/', 0),
(203, 'LD717-1', '/fotos2/LD717/', 0),
(204, 'LD719-1', '/fotos2/LD719/', 0),
(205, 'LD719-2', '/fotos2/LD719/', 0),
(206, 'LD719-3', '/fotos2/LD719/', 0),
(207, 'LD722-1', '/fotos2/LD722/', 0),
(208, 'LD728L-1', '/fotos2/LD728L/', 0),
(209, 'LD728L-2', '/fotos2/LD728L/', 0),
(210, 'LD728M-1', '/fotos2/LD728M/', 0),
(211, 'LD728M-2', '/fotos2/LD728M/', 0),
(212, 'LD728S-1', '/fotos2/LD728S/', 0),
(213, 'LD728S-2', '/fotos2/LD728S/', 0),
(214, 'LD8001-10-1', '/fotos2/LD8001-10/', 0),
(215, 'LD8001-10-2', '/fotos2/LD8001-10/', 0),
(216, 'LD8002-10-1', '/fotos2/LD8002-10/', 0),
(217, 'LD8002-10-2', '/fotos2/LD8002-10/', 0),
(218, 'LD8003-10-1', '/fotos2/LD8003-10/', 0),
(219, 'LD8015-15-1', '/fotos2/LD8015-15/', 0),
(220, 'LD8015-15-2', '/fotos2/LD8015-15/', 0),
(221, 'LD8021-15-1', '/fotos2/LD8021-15/', 0),
(222, 'LD8021-15-2', '/fotos2/LD8021-15/', 0),
(223, 'LD8024-12-1', '/fotos2/LD8024-12/', 0),
(224, 'LD8024-12-2', '/fotos2/LD8024-12/', 0),
(225, 'LD8035-12-1', '/fotos2/LD8035-12/', 0),
(226, 'LD8035-12-2', '/fotos2/LD8035-12/', 0),
(227, 'LD8047-15-1', '/fotos2/LD8047-15/', 0),
(228, 'LD8048-1', '/fotos2/LD8048/', 0),
(229, 'LD8048-2', '/fotos2/LD8048/', 0),
(230, 'LD8050-1', '/fotos2/LD8050/', 0),
(231, 'LD8052-10-1', '/fotos2/LD8052-10/', 0),
(232, 'LD8052-10-2', '/fotos2/LD8052-10/', 0),
(233, 'LD8056-10-1', '/fotos2/LD8056-10/', 0),
(234, 'LD8015-20-1', '/fotos2/LD8015-20/', 0),
(235, 'LD8015-20-2', '/fotos2/LD8015-20/', 0),
(236, 'LD8015-25-1', '/fotos2/LD8015-25/', 0),
(237, 'LD8015-25-2', '/fotos2/LD8015-25/', 0),
(238, 'LD8024-20-1', '/fotos2/LD8024-20/', 0),
(239, 'LD8024-20-2', '/fotos2/LD8024-20/', 0),
(240, 'LD8052-15-1', '/fotos2/LD8052-15/', 0),
(241, 'LD8052-15-2', '/fotos2/LD8052-15/', 0),
(242, 'LD8052-20-1', '/fotos2/LD8052-20/', 0),
(243, 'LD8052-20-2', '/fotos2/LD8052-20/', 0),
(244, 'LD8068-1', '/fotos2/LD8068/', 0),
(245, 'LD8058-1', '/fotos2/LD8058/', 0),
(246, 'LD8070-15-1', '/fotos2/LD8070-15/', 0),
(247, 'LD8070-15-2', '/fotos2/LD8070-15/', 0),
(248, 'LHB1015-1', '/fotos2/LHB1015/', 0),
(249, 'LHB1016-1', '/fotos2/LHB1016/', 0),
(250, 'LHB1021-1', '/fotos2/LHB1021/', 0),
(251, 'LHB1022-1', '/fotos2/LHB1022/', 0),
(252, 'LHB1025-1', '/fotos2/LHB1025/', 0),
(253, 'LHB1026-1', '/fotos2/LHB1026/', 0),
(254, 'LK1502S-1', '/fotos2/LK1502S/', 0),
(255, 'LK1802-1', '/fotos2/LK1802/', 0),
(256, 'LK1803-1', '/fotos2/LK1803/', 0),
(257, 'LK1803-2', '/fotos2/LK1803/', 0),
(258, 'LT-1201-1', '/fotos2/LT-1201/', 0),
(259, 'LT1053-1', '/fotos2/LT1053/', 0),
(260, 'LT1064-1', '/fotos2/LT1064/', 0),
(261, 'M302-1', '/fotos2/M302/', 0),
(262, 'M303-1', '/fotos2/M303/', 0),
(263, 'M304-1', '/fotos2/M304/', 0),
(264, 'M305-1', '/fotos2/M305/', 0),
(265, 'M307-1', '/fotos2/M307/', 0),
(266, 'M307-2', '/fotos2/M307/', 0),
(267, 'M308-1', '/fotos2/M308/', 0),
(268, 'M308-2', '/fotos2/M308/', 0),
(269, 'M308-3', '/fotos2/M308/', 0),
(270, 'M308-4', '/fotos2/M308/', 0),
(271, 'M311-1', '/fotos2/M311/', 0),
(272, 'M311-2', '/fotos2/M311/', 0),
(273, 'M312-1', '/fotos2/M312/', 0),
(274, 'M312-2', '/fotos2/M312/', 0),
(275, 'M312-3', '/fotos2/M312/', 0),
(276, 'M312-4', '/fotos2/M312/', 0),
(277, 'M314-1', '/fotos2/M314/', 0),
(278, 'M314-2', '/fotos2/M314/', 0),
(279, 'M314-3', '/fotos2/M314/', 0),
(280, 'M315-1', '/fotos2/M315/', 0),
(281, 'M315-2', '/fotos2/M315/', 0),
(282, 'M315-3', '/fotos2/M315/', 0),
(283, 'M317-1', '/fotos2/M317/', 0),
(284, 'M317-2', '/fotos2/M317/', 0),
(285, 'M317-3', '/fotos2/M317/', 0),
(286, 'M318-1', '/fotos2/M318/', 0),
(287, 'M318-2', '/fotos2/M318/', 0),
(288, 'M319-1', '/fotos2/M319/', 0),
(289, 'M319-2', '/fotos2/M319/', 0),
(290, 'OG-501-1', '/fotos2/OG-501/', 0),
(291, 'PNB1101-1', '/fotos2/PNB1101/', 0),
(292, 'RB06305-L-1', '/fotos2/RB06305-L/', 0),
(293, 'RB06305-L-2', '/fotos2/RB06305-L/', 0),
(294, 'RB06305-M-1', '/fotos2/RB06305-M/', 0),
(295, 'RB06305-M-2', '/fotos2/RB06305-M/', 0),
(296, 'RB06305-S-1', '/fotos2/RB06305-S/', 0),
(297, 'RB06305-S-2', '/fotos2/RB06305-S/', 0),
(298, 'RO-2149-1', '/fotos2/RO-2149/', 0),
(299, 'RO-2185-1', '/fotos2/RO-2185/', 0),
(300, 'RO-2225A-1', '/fotos2/RO-2225A/', 0),
(301, 'RO-2228-1', '/fotos2/RO-2228/', 0),
(302, 'RO-2239A-1', '/fotos2/RO-2239A/', 0),
(303, 'RO-2255-1', '/fotos2/RO-2255/', 0),
(304, 'RT1002-1', '/fotos2/RT1002/', 0),
(305, 'RT1002-2', '/fotos2/RT1002/', 0),
(306, 'RT1003-1', '/fotos2/RT1003/', 0),
(307, 'RT1018-1', '/fotos2/RT1018/', 0),
(308, 'RT1018-2', '/fotos2/RT1018/', 0),
(309, 'RT1018-3', '/fotos2/RT1018/', 0),
(310, 'RT1073-1', '/fotos2/RT1073/', 0),
(311, 'RT1073-2', '/fotos2/RT1073/', 0),
(312, 'RT1076-1', '/fotos2/RT1076/', 0),
(313, 'RT1077-1', '/fotos2/RT1077/', 0),
(314, 'RT1078-1', '/fotos2/RT1078/', 0),
(315, 'RT1085-1', '/fotos2/RT1085/', 0),
(316, 'RT1085-2', '/fotos2/RT1085/', 0),
(317, 'RT1091L-1', '/fotos2/RT1091L/', 0),
(318, 'RT1091S-1', '/fotos2/RT1091S/', 0),
(319, 'RT1091S-2', '/fotos2/RT1091S/', 0),
(320, 'RT1091S-3', '/fotos2/RT1091S/', 0),
(321, 'RT1092M-1', '/fotos2/RT1092M/', 0),
(322, 'RT1092M-2', '/fotos2/RT1092M/', 0),
(323, 'RT1092M-3', '/fotos2/RT1092M/', 0),
(324, 'RT1092M-4', '/fotos2/RT1092M/', 0),
(325, 'RT1092M-5', '/fotos2/RT1092M/', 0),
(326, 'RT1092M-6', '/fotos2/RT1092M/', 0),
(327, 'RT1095S-1', '/fotos2/RT1095S/', 0),
(328, 'RT1095S-2', '/fotos2/RT1095S/', 0),
(329, 'RT1132-1', '/fotos2/RT1132/', 0),
(330, 'RT1149-1', '/fotos2/RT1149/', 0),
(331, 'RT1155-1', '/fotos2/RT1155/', 0),
(332, 'RT2008-1', '/fotos2/RT2008/', 0),
(333, 'RT2015-1', '/fotos2/RT2015/', 0),
(334, 'RT2017-1', '/fotos2/RT2017/', 0),
(335, 'RT2018-1', '/fotos2/RT2018/', 0),
(336, 'RT2022-1', '/fotos2/RT2022/', 0),
(337, 'RT2026-1', '/fotos2/RT2026/', 0),
(338, 'RT2029-1', '/fotos2/RT2029/', 0),
(339, 'RT2031-1', '/fotos2/RT2031/', 0),
(340, 'RT2036-1', '/fotos2/RT2036/', 0),
(341, 'RT2043-1', '/fotos2/RT2043/', 0),
(342, 'RT2045-1', '/fotos2/RT2045/', 0),
(343, 'RT2086-1', '/fotos2/RT2086/', 0),
(344, 'RT2103-1', '/fotos2/RT2103/', 0),
(345, 'RT2112-1', '/fotos2/RT2112/', 0),
(346, 'RT2134-1', '/fotos2/RT2134/', 0),
(347, 'RT2134-2', '/fotos2/RT2134/', 0),
(348, 'RT2141-1', '/fotos2/RT2141/', 0),
(349, 'RT2142-1', '/fotos2/RT2142/', 0),
(350, 'RT2154-1', '/fotos2/RT2154/', 0),
(351, 'RT2156-1', '/fotos2/RT2156/', 0),
(352, 'RT2170-1', '/fotos2/RT2170/', 0),
(353, 'RT2170-2', '/fotos2/RT2170/', 0),
(354, 'RT2173-1', '/fotos2/RT2173/', 0),
(355, 'RT2174-1', '/fotos2/RT2174/', 0),
(356, 'RT2206-1', '/fotos2/RT2206/', 0),
(357, 'RT2207-1', '/fotos2/RT2207/', 0),
(358, 'RT2218-1', '/fotos2/RT2218/', 0),
(359, 'RT2220-1', '/fotos2/RT2220/', 0),
(360, 'RT2239-1', '/fotos2/RT2239/', 0),
(361, 'RT2271-1', '/fotos2/RT2271/', 0),
(362, 'RT2287-1', '/fotos2/RT2287/', 0),
(363, 'RT2304-1', '/fotos2/RT2304/', 0),
(364, 'RT2314-1', '/fotos2/RT2314/', 0),
(365, 'RT2375-1', '/fotos2/RT2375/', 0),
(366, 'RT2401-1', '/fotos2/RT2401/', 0),
(367, 'RT4053-1', '/fotos2/RT4053/', 0),
(368, 'RT4054-1', '/fotos2/RT4054/', 0),
(369, 'RT4055-1', '/fotos2/RT4055/', 0),
(370, 'RT4056-1', '/fotos2/RT4056/', 0),
(371, 'RT4061-1', '/fotos2/RT4061/', 0),
(372, 'RT4062-1', '/fotos2/RT4062/', 0),
(373, 'RT4203-1', '/fotos2/RT4203/', 0),
(374, 'SH1833-3-1', '/fotos2/SH1833-3/', 0),
(375, 'SH1833-4-1', '/fotos2/SH1833-4/', 0),
(376, 'SH1833-5-1', '/fotos2/SH1833-5/', 0),
(377, 'SH5001-2-1', '/fotos2/SH5001-2/', 0),
(378, 'SH5001-3-1', '/fotos2/SH5001-3/', 0),
(379, 'SH5001-4-1', '/fotos2/SH5001-4/', 0),
(380, 'SH5001-5-1', '/fotos2/SH5001-5/', 0),
(381, 'SH5001-6-1', '/fotos2/SH5001-6/', 0),
(382, 'SH5001-7-1', '/fotos2/SH5001-7/', 0),
(383, 'SH5001-8-1', '/fotos2/SH5001-8/', 0),
(384, 'SH7801-4-1', '/fotos2/SH7801-4/', 0),
(385, 'SH7801-5-1', '/fotos2/SH7801-5/', 0),
(386, 'SHG3555-1', '/fotos2/SHG3555/', 0),
(387, 'SHG4060-1', '/fotos2/SHG4060/', 0),
(388, 'SHL1612-1', '/fotos2/SHL1612/', 0),
(389, 'SHL2012-1', '/fotos2/SHL2012/', 0),
(390, 'SHL2512-1', '/fotos2/SHL2512/', 0),
(391, 'SHL3012-1', '/fotos2/SHL3012/', 0),
(392, 'SHL3512-1', '/fotos2/SHL3512/', 0),
(393, 'SHL4012-1', '/fotos2/SHL4012/', 0),
(394, 'SHL4060-1', '/fotos2/SHL4060/', 0),
(395, 'SHO2520-1', '/fotos2/SHO2520/', 0),
(396, 'SHO3022-1', '/fotos2/SHO3022/', 0),
(397, 'SHO3526-1', '/fotos2/SHO3526/', 0),
(398, 'SHO4028-1', '/fotos2/SHO4028/', 0),
(399, 'SHR3050-1', '/fotos2/SHR3050/', 0),
(400, 'SHR3055-1', '/fotos2/SHR3055/', 0),
(401, 'TB-M-1', '/fotos2/TB-M/', 0),
(402, 'TB-S-1', '/fotos2/TB-S/', 0),
(403, 'TD-903-1', '/fotos2/TD-903/', 0),
(404, 'TD-903-2', '/fotos2/TD-903/', 0),
(405, 'TD-903-3', '/fotos2/TD-903/', 0),
(406, 'TT1001-1', '/fotos2/TT1001/', 0),
(407, 'TT1002-1', '/fotos2/TT1002/', 0),
(408, 'TT1003-1', '/fotos2/TT1003/', 0),
(409, 'TT1004-1', '/fotos2/TT1004/', 0),
(410, 'TT1007-1', '/fotos2/TT1007/', 0),
(411, 'TT1007-2', '/fotos2/TT1007/', 0),
(412, 'TT1007-3', '/fotos2/TT1007/', 0),
(413, 'TT1007-4', '/fotos2/TT1007/', 0),
(414, 'TT1009-1', '/fotos2/TT1009/', 0),
(415, 'TT1009-2', '/fotos2/TT1009/', 0),
(416, 'TT1009-3', '/fotos2/TT1009/', 0),
(417, 'TT1009-4', '/fotos2/TT1009/', 0),
(418, 'TT1021-1', '/fotos2/TT1021/', 0),
(419, 'TT1021-2', '/fotos2/TT1021/', 0),
(420, 'VT1001-1', '/fotos2/VT1001/', 0),
(421, 'VT1004-1', '/fotos2/VT1004/', 0),
(422, 'VT1009-1', '/fotos2/VT1009/', 0),
(423, 'VT1022-1', '/fotos2/VT1022/', 0),
(424, 'VT1026-1', '/fotos2/VT1026/', 0),
(425, 'VT1027-1', '/fotos2/VT1027/', 0),
(426, 'VT1139-1', '/fotos2/VT1139/', 0),
(427, 'VT1143-1', '/fotos2/VT1143/', 0),
(428, 'VT1144-1', '/fotos2/VT1144/', 0),
(429, 'VT1251-1', '/fotos2/VT1251/', 0),
(430, 'VT1255-1', '/fotos2/VT1255/', 0),
(431, 'VT1272-1', '/fotos2/VT1272/', 0),
(432, 'VT1291-1', '/fotos2/VT1291/', 0),
(433, 'VT1292-1', '/fotos2/VT1292/', 0),
(434, 'VT1424-1', '/fotos2/VT1424/', 0),
(435, 'VT1426-1', '/fotos2/VT1426/', 0),
(436, 'VT1585-1', '/fotos2/VT1585/', 0),
(437, 'XB0901-2-1', '/fotos2/XB0901-2/', 0),
(438, 'XB0901-3-1', '/fotos2/XB0901-3/', 0),
(439, 'XB0901-4-1', '/fotos2/XB0901-4/', 0),
(440, 'YZA015-1', '/fotos2/YZA015/', 0),
(441, 'YZA016-1', '/fotos2/YZA016/', 0),
(442, 'YZA016-2', '/fotos2/YZA016/', 0),
(443, 'YZA016-3', '/fotos2/YZA016/', 0),
(444, 'YZA015-2', '/fotos2/YZA015/', 0),
(445, 'YZA015-3', '/fotos2/YZA015/', 0),
(446, 'YZA015-4', '/fotos2/YZA015/', 0),
(447, 'YZA015-5', '/fotos2/YZA015/', 0),
(448, 'YZA015-6', '/fotos2/YZA015/', 0),
(449, 'YZA038-1', '/fotos2/YZA038/', 0),
(450, 'YZA038-2', '/fotos2/YZA038/', 0),
(451, 'YZA038-3', '/fotos2/YZA038/', 0),
(452, 'YZA107-1', '/fotos2/YZA107/', 0),
(453, 'YZF014-1', '/fotos2/YZF014/', 0),
(454, 'YZF014-2', '/fotos2/YZF014/', 0),
(455, 'YZF014-3', '/fotos2/YZF014/', 0),
(456, 'YZF015-1', '/fotos2/YZF015/', 0),
(457, 'YZF016-1', '/fotos2/YZF016/', 0),
(458, 'YZF018-1', '/fotos2/YZF018/', 0),
(459, 'VT1134-1', '/fotos2/VT1134/', 0),
(460, 'YZJ064-1', '/fotos2/YZJ064/', 0),
(461, 'YZJ068-1', '/fotos2/YZJ068/', 0),
(462, 'YZJ072-1', '/fotos2/YZJ072/', 0),
(463, 'YZK001-1', '/fotos2/YZK001/', 0),
(464, 'YZK002-1', '/fotos2/YZK002/', 0),
(465, 'YZK019-1', '/fotos2/YZK019/', 0),
(466, 'YZK041-1', '/fotos2/YZK041/', 0),
(467, 'YZK040-1', '/fotos2/YZK040/', 0),
(468, 'YZK042-1', '/fotos2/YZK042/', 0),
(469, 'YZK044-1', '/fotos2/YZK044/', 0),
(470, 'YZK049-1', '/fotos2/YZK049/', 0),
(471, 'YZL003-1', '/fotos2/YZL003/', 0),
(472, 'YZL004-1', '/fotos2/YZL004/', 0),
(473, 'YZL052-1', '/fotos2/YZL052/', 0),
(474, 'YZL052-2', '/fotos2/YZL052/', 0),
(475, 'YZL052-3', '/fotos2/YZL052/', 0),
(476, 'YZL067-1', '/fotos2/YZL067/', 0),
(477, 'TB-L-1', '/fotos2/TB-L/', 0),
(478, 'VT1005-1', '/fotos2/VT1005/', 0),
(479, 'VT1253-1', '/fotos2/VT1253/', 0),
(480, 'YZK046-1', '/fotos2/YZK046/', 0),
(481, 'AB1005-S-3', '/fotos2/AB1005-S/', 0),
(482, 'GR1367-2', '/fotos2/GR1367/', 0),
(483, 'TT1006-1', '/fotos2/TT1006/', 0),
(484, 'VT1003-1', '/fotos2/VT1003/', 0),
(485, 'VT1003-2', '/fotos2/VT1003/', 0),
(486, 'RT2131-1', '/fotos2/RT2131/', 0),
(487, 'LD5022-1', '/fotos2/LD5022/', 0),
(488, 'SH5001-1-1', '/fotos2/SH5001-1/', 0),
(489, 'SHH3060-1', '/fotos2/SHH3060/', 0),
(490, 'SS118-1', '/fotos2/SS118/', 0),
(491, 'SS118-2', '/fotos2/SS118/', 0),
(492, 'SS118-3', '/fotos2/SS118/', 0),
(493, 'SS118-4', '/fotos2/SS118/', 0),
(494, 'YZA015-7', '/fotos2/YZA015/', 0),
(495, 'YZK043-1', '/fotos2/YZK043/', 0),
(496, 'CAT-2 -1', '/fotos2/CAT-2 /', 0),
(497, 'P791-1', '/fotos2/P791/', 0),
(498, 'P791-2', '/fotos2/P791/', 0),
(499, 'CAT-328-1', '/fotos2/CAT-328/', 0),
(500, '-1', '/fotos2//', 0),
(501, 'P778-1', '/fotos2/P778/', 0),
(502, '-2', '/fotos2//', 0),
(503, '110735-1', '/fotos2/110735/', 0),
(504, 'SH5001-1-2', '/fotos2/SH5001-1/', 0),
(505, 'SH5001-1-3', '/fotos2/SH5001-1/', 0),
(506, 'SH5001-1-4', '/fotos2/SH5001-1/', 0),
(507, 'SH5001-1-5', '/fotos2/SH5001-1/', 0),
(508, 'SH5001-1-6', '/fotos2/SH5001-1/', 0),
(509, 'SH5001-2-2', '/fotos2/SH5001-2/', 0),
(510, 'SH5001-2-3', '/fotos2/SH5001-2/', 0),
(511, 'SH5001-2-4', '/fotos2/SH5001-2/', 0),
(512, 'SH5001-2-5', '/fotos2/SH5001-2/', 0),
(513, 'SH5001-3-2', '/fotos2/SH5001-3/', 0),
(514, 'SH5001-3-3', '/fotos2/SH5001-3/', 0),
(515, 'SH5001-3-4', '/fotos2/SH5001-3/', 0),
(516, 'SH5001-3-5', '/fotos2/SH5001-3/', 0),
(517, 'SH5001-4-2', '/fotos2/SH5001-4/', 0),
(518, 'SH5001-4-3', '/fotos2/SH5001-4/', 0),
(519, 'SH5001-4-4', '/fotos2/SH5001-4/', 0),
(520, 'SH5001-4-5', '/fotos2/SH5001-4/', 0),
(521, 'SH5001-5-2', '/fotos2/SH5001-5/', 0),
(522, 'SH5001-5-3', '/fotos2/SH5001-5/', 0),
(523, 'SH5001-5-4', '/fotos2/SH5001-5/', 0),
(524, 'SH5001-5-5', '/fotos2/SH5001-5/', 0),
(525, 'VT2785-1', '/fotos2/VT2785/', 0),
(526, 'VT1139-2', '/fotos2/VT1139/', 0),
(527, 'FRM654C-1', '/fotos2/FRM654C/', 0),
(528, 'FRM654E-1', '/fotos2/FRM654E/', 0),
(529, 'FRN654B-5', '/fotos2/FRN654B/', 0),
(530, 'FRNP654B-1', '/fotos2/FRNP654B/', 0),
(531, 'LD3188-1', '/fotos2/LD3188/', 0),
(532, 'LD3188-2', '/fotos2/LD3188/', 0),
(533, 'J9502G-1', '/fotos2/J9502G/', 0),
(534, 'J9502G-2', '/fotos2/J9502G/', 0),
(535, 'SH828-1', '/fotos2/SH828/', 0),
(536, '-3', '/fotos2//', 0),
(537, 'CFB1523-1', '/fotos2/CFB1523/', 0),
(538, '-4', '/fotos2//', 0),
(539, 'CFW1039-1', '/fotos2/CFW1039/', 0),
(540, '-5', '/fotos2//', 0),
(541, 'KA505-1', '/fotos2/KA505/', 0),
(542, 'KA505-2', '/fotos2/KA505/', 0),
(543, '-6', '/fotos2//', 0),
(544, '-7', '/fotos2//', 0),
(545, 'SS103-1-1', '/fotos2/SS103-1/', 0),
(546, 'SS103-1-2', '/fotos2/SS103-1/', 0),
(547, 'SS103-2-1', '/fotos2/SS103-2/', 0),
(548, 'SS103-2-2', '/fotos2/SS103-2/', 0),
(549, '-8', '/fotos2//', 0),
(550, '-9', '/fotos2//', 0),
(551, '-10', '/fotos2//', 0),
(552, '-11', '/fotos2//', 0),
(553, '-12', '/fotos2//', 0),
(554, 'LD5003L-3', '/fotos2/LD5003L/', 0),
(555, 'LD5003L-4', '/fotos2/LD5003L/', 0),
(556, 'LD5003L-5', '/fotos2/LD5003L/', 0),
(557, 'LD5003S-1', '/fotos2/LD5003S/', 0),
(558, 'LD5003S-2', '/fotos2/LD5003S/', 0),
(559, 'LD5003S-3', '/fotos2/LD5003S/', 0),
(560, 'LD5003XL-3', '/fotos2/LD5003XL/', 0),
(561, 'M310-1', '/fotos2/M310/', 0),
(562, 'M310-2', '/fotos2/M310/', 0),
(563, 'M310-3', '/fotos2/M310/', 0),
(564, 'RT2069-1', '/fotos2/RT2069/', 0),
(565, 'RT4235-1', '/fotos2/RT4235/', 0),
(566, 'RT4237-1', '/fotos2/RT4237/', 0),
(567, 'RT4236-1', '/fotos2/RT4236/', 0),
(568, 'RT4244-1', '/fotos2/RT4244/', 0),
(569, 'RT4230-1', '/fotos2/RT4230/', 0),
(570, 'M301-1', '/fotos2/M301/', 0),
(571, 'M301-2', '/fotos2/M301/', 0),
(572, 'M301-3', '/fotos2/M301/', 0),
(573, 'M301-4', '/fotos2/M301/', 0),
(574, 'LD5087S-4', '/fotos2/LD5087S/', 0),
(575, 'LD5087S-5', '/fotos2/LD5087S/', 0),
(576, 'LD5087S-6', '/fotos2/LD5087S/', 0),
(577, 'FRP654C-1', '/fotos2/FRP654C/', 0),
(578, 'VT1292-2', '/fotos2/VT1292/', 0),
(579, 'VT1292-3', '/fotos2/VT1292/', 0),
(580, 'VT1272-2', '/fotos2/VT1272/', 0),
(581, 'SHH3510-1', '/fotos2/SHH3510/', 0),
(582, 'SHH4010-1', '/fotos2/SHH4010/', 0),
(583, 'SHH4060-1', '/fotos2/SHH4060/', 0),
(584, 'PD655-1', '/fotos2/PD655/', 0),
(585, 'S52-1', '/fotos2/S52/', 0),
(586, 'S52-2', '/fotos2/S52/', 0),
(587, 'S60-1', '/fotos2/S60/', 0),
(588, 'PD651-1', '/fotos2/PD651/', 0),
(589, 'S51-1', '/fotos2/S51/', 0),
(590, '601-1', '/fotos2/601/', 0),
(591, '-13', '/fotos2//', 0),
(592, 'S9-1', '/fotos2/S9/', 0),
(593, 'S9-2', '/fotos2/S9/', 0),
(594, 'S8-1', '/fotos2/S8/', 0),
(595, 'TK-09A-1', '/fotos2/TK-09A/', 0),
(596, 'TK-09A-2', '/fotos2/TK-09A/', 0),
(597, 'FRN654A-1', '/fotos2/FRN654A/', 0),
(598, 'FRM654B-1', '/fotos2/FRM654B/', 0),
(599, 'FRM654A-1', '/fotos2/FRM654A/', 0),
(600, 'FRM654E-2', '/fotos2/FRM654E/', 0),
(601, 'FRN654B-6', '/fotos2/FRN654B/', 0),
(602, 'CFB1519-1', '/fotos2/CFB1519/', 0),
(603, 'SH827-1', '/fotos2/SH827/', 0),
(604, 'CFB1018-1', '/fotos2/CFB1018/', 0),
(605, 'CFB1506-1', '/fotos2/CFB1506/', 0),
(606, 'CFB1505-1', '/fotos2/CFB1505/', 0),
(607, 'CFB1510-1', '/fotos2/CFB1510/', 0),
(608, 'CFB1509-1', '/fotos2/CFB1509/', 0),
(609, 'LCB1030-1', '/fotos2/LCB1030/', 0),
(610, 'LCB1030-2', '/fotos2/LCB1030/', 0),
(611, 'LCB1529-2', '/fotos2/LCB1529/', 0),
(612, 'LCB1529-3', '/fotos2/LCB1529/', 0),
(613, 'LCB1031-1', '/fotos2/LCB1031/', 0),
(614, 'LCB1031-2', '/fotos2/LCB1031/', 0),
(615, 'LCB1031-3', '/fotos2/LCB1031/', 0),
(616, 'LCB1529-4', '/fotos2/LCB1529/', 0),
(617, 'LCB1030-3', '/fotos2/LCB1030/', 0),
(618, 'LCB1544-1', '/fotos2/LCB1544/', 0),
(619, 'LCB1544-2', '/fotos2/LCB1544/', 0),
(620, 'LCB1544-3', '/fotos2/LCB1544/', 0),
(621, 'LCB1542-1', '/fotos2/LCB1542/', 0),
(622, 'LCB1542-2', '/fotos2/LCB1542/', 0),
(623, 'LCB1542-3', '/fotos2/LCB1542/', 0),
(624, 'LCB-1', '/fotos2/LCB/', 0),
(625, 'LCB-2', '/fotos2/LCB/', 0),
(626, 'LCB-3', '/fotos2/LCB/', 0),
(627, 'L001-C/A-1', '/fotos2/L001-C/A/', 0),
(628, 'L001-C/A-1', '/fotos2/L001-C/A/', 0),
(629, 'L001-C/A-1', '/fotos2/L001-C/A/', 0),
(630, 'L001-C/A-1', '/fotos2/L001-C/A/', 0),
(631, 'L001-C/A-1', '/fotos2/L001-C/A/', 0),
(632, 'L001-C/A-1', '/fotos2/L001-C/A/', 0),
(633, 'L001-C/B-1', '/fotos2/L001-C/B/', 0),
(634, 'L001-C/B-1', '/fotos2/L001-C/B/', 0),
(635, 'L001-C/B-1', '/fotos2/L001-C/B/', 0),
(636, 'L001-C/B-1', '/fotos2/L001-C/B/', 0),
(637, 'L001-C/B-1', '/fotos2/L001-C/B/', 0),
(638, 'L001-C/B-1', '/fotos2/L001-C/B/', 0),
(639, 'LHB1025-2', '/fotos2/LHB1025/', 0),
(640, 'LHB1025-3', '/fotos2/LHB1025/', 0),
(641, 'LHB1524-1', '/fotos2/LHB1524/', 0),
(642, 'LHB1524-2', '/fotos2/LHB1524/', 0),
(643, 'LHB1523-1', '/fotos2/LHB1523/', 0),
(644, 'LHB1523-2', '/fotos2/LHB1523/', 0),
(645, 'LHB1531-1', '/fotos2/LHB1531/', 0),
(646, 'LHB1531-2', '/fotos2/LHB1531/', 0),
(647, 'LHB1532-1', '/fotos2/LHB1532/', 0),
(648, 'LHB1532-2', '/fotos2/LHB1532/', 0),
(649, 'M318 -1', '/fotos2/M318 /', 0),
(650, 'M318 -2', '/fotos2/M318 /', 0),
(651, 'SS118-5', '/fotos2/SS118/', 0),
(652, 'LD7011-2-2', '/fotos2/LD7011-2/', 0),
(653, '-14', '/fotos2//', 0),
(654, 'LD7011-3-2', '/fotos2/LD7011-3/', 0),
(655, '-15', '/fotos2//', 0),
(656, 'LD7011-4-2', '/fotos2/LD7011-4/', 0),
(657, '-16', '/fotos2//', 0),
(658, 'FT-824-2', '/fotos2/FT-824/', 0),
(659, '-17', '/fotos2//', 0),
(660, 'LD8003-10-2', '/fotos2/LD8003-10/', 0),
(661, '-18', '/fotos2//', 0),
(662, 'LD8003-20-1', '/fotos2/LD8003-20/', 0),
(663, '-19', '/fotos2//', 0),
(664, 'LT-1201-2', '/fotos2/LT-1201/', 0),
(665, '-20', '/fotos2//', 0),
(666, 'VT2661-1', '/fotos2/VT2661/', 0),
(667, 'VT2661-2', '/fotos2/VT2661/', 0),
(668, 'VT2661-3', '/fotos2/VT2661/', 0),
(669, ' VT2662-1', '/fotos2/ VT2662/', 0),
(670, ' VT2662-2', '/fotos2/ VT2662/', 0),
(671, ' VT2662-3', '/fotos2/ VT2662/', 0),
(672, '-21', '/fotos2//', 0),
(673, 'M321-1', '/fotos2/M321/', 0),
(674, 'M307-3', '/fotos2/M307/', 0),
(675, 'M307-4', '/fotos2/M307/', 0),
(676, 'M307-5', '/fotos2/M307/', 0),
(677, 'M314-4', '/fotos2/M314/', 0),
(678, 'M314-5', '/fotos2/M314/', 0),
(679, 'M314-6', '/fotos2/M314/', 0),
(680, 'M314-7', '/fotos2/M314/', 0),
(681, '100ML-1', '/fotos2/100ML/', 0),
(682, '100ML-2', '/fotos2/100ML/', 0),
(683, '100ML-3', '/fotos2/100ML/', 0),
(684, 'C10801-2', '/fotos2/C10801/', 0),
(685, 'C10903-2', '/fotos2/C10903/', 0),
(686, 'PNB1101-2', '/fotos2/PNB1101/', 0),
(687, 'RT2063-1', '/fotos2/RT2063/', 0),
(688, '-22', '/fotos2//', 0),
(689, '-23', '/fotos2//', 0),
(690, 'BJ4227E-1', '/fotos2/BJ4227E/', 0),
(691, 'BJ4227E-2', '/fotos2/BJ4227E/', 0),
(692, 'L001-C/A-1', '/fotos2/L001-C/A/', 0),
(693, 'L001-C/A-1', '/fotos2/L001-C/A/', 0),
(694, 'L001-C/A-1', '/fotos2/L001-C/A/', 0),
(695, 'L001-C/A-1', '/fotos2/L001-C/A/', 0),
(696, 'L001-C/A-1', '/fotos2/L001-C/A/', 0),
(697, 'L001-C/A-1', '/fotos2/L001-C/A/', 0);

-- --------------------------------------------------------

--
-- Estructura de tabla para la tabla `fotos_art`
--

CREATE TABLE IF NOT EXISTS `fotos_art` (
  `id` int(11) NOT NULL AUTO_INCREMENT,
  `id_art` int(11) NOT NULL,
  `id_foto` int(11) NOT NULL,
  `prioridad` int(11) NOT NULL DEFAULT '1',
  `inactivo` int(11) NOT NULL DEFAULT '0',
  PRIMARY KEY (`id`),
  KEY `id_art_idx` (`id_art`),
  KEY `id_foto_idx` (`id_foto`)
) ENGINE=InnoDB  DEFAULT CHARSET=latin1 AUTO_INCREMENT=675 ;

--
-- Volcado de datos para la tabla `fotos_art`
--

INSERT INTO `fotos_art` (`id`, `id_art`, `id_foto`, `prioridad`, `inactivo`) VALUES
(1, 1, 1, 1, 0),
(2, 1, 2, 0, 0),
(3, 9, 3, 1, 1),
(4, 9, 4, 1, 1),
(5, 34, 5, 1, 1),
(6, 34, 6, 1, 1),
(7, 35, 7, 1, 1),
(8, 35, 8, 1, 1),
(9, 30, 9, 1, 1),
(10, 31, 10, 0, 0),
(11, 32, 11, 0, 0),
(12, 23, 12, 8, 0),
(13, 23, 13, 10, 0),
(14, 23, 14, 9, 0),
(15, 28, 15, 0, 0),
(16, 28, 16, 0, 0),
(17, 28, 17, 0, 0),
(18, 29, 18, 9, 0),
(19, 29, 19, 8, 0),
(20, 29, 20, 10, 0),
(21, 20, 21, 0, 0),
(22, 20, 22, 0, 0),
(23, 21, 23, 0, 0),
(24, 21, 24, 0, 0),
(25, 22, 25, 0, 0),
(26, 22, 26, 0, 0),
(27, 10, 27, 0, 0),
(28, 10, 28, 1, 1),
(29, 10, 29, 0, 0),
(30, 33, 30, 2, 0),
(31, 33, 31, 0, 0),
(32, 33, 32, 0, 0),
(33, 130, 33, 1, 0),
(34, 114, 34, 0, 0),
(35, 118, 35, 0, 0),
(36, 116, 36, 0, 0),
(37, 117, 37, 0, 0),
(38, 115, 38, 0, 0),
(39, 119, 39, 0, 0),
(40, 321, 40, 1, 1),
(41, 322, 41, 0, 0),
(42, 320, 42, 0, 0),
(43, 318, 43, 1, 1),
(44, 263, 44, 0, 0),
(45, 261, 45, 0, 0),
(46, 304, 46, 0, 0),
(47, 305, 47, 1, 1),
(48, 306, 48, 0, 0),
(49, 176, 49, 0, 0),
(50, 176, 50, 0, 0),
(51, 177, 51, 0, 0),
(52, 177, 52, 0, 0),
(53, 178, 53, 0, 0),
(54, 178, 54, 0, 0),
(55, 135, 55, 1, 1),
(56, 135, 56, 1, 1),
(57, 135, 57, 1, 1),
(58, 135, 58, 1, 1),
(59, 135, 59, 1, 1),
(60, 135, 60, 1, 1),
(61, 113, 61, 10, 0),
(62, 113, 62, 1, 1),
(63, 113, 63, 1, 1),
(64, 113, 64, 1, 1),
(65, 113, 65, 9, 0),
(66, 113, 66, 8, 0),
(67, 255, 67, 0, 0),
(68, 254, 68, 0, 0),
(69, 253, 69, 0, 0),
(70, 256, 70, 0, 0),
(71, 256, 71, 10, 0),
(72, 260, 72, 0, 0),
(73, 258, 73, 0, 0),
(74, 258, 74, 0, 0),
(75, 259, 75, 0, 0),
(76, 259, 76, 0, 0),
(77, 257, 77, 0, 0),
(78, 257, 78, 0, 0),
(79, 190, 79, 1, 1),
(80, 188, 80, 1, 1),
(81, 262, 81, 0, 0),
(82, 262, 82, 0, 0),
(83, 191, 83, 9, 0),
(84, 191, 84, 10, 0),
(85, 299, 85, 0, 0),
(86, 279, 86, 3, 0),
(87, 279, 87, 1, 1),
(88, 279, 88, 10, 0),
(89, 279, 89, 1, 1),
(90, 279, 90, 1, 1),
(91, 279, 91, 1, 1),
(92, 279, 92, 1, 1),
(93, 279, 93, 9, 0),
(94, 279, 94, 1, 1),
(95, 279, 95, 1, 1),
(96, 279, 96, 1, 1),
(97, 279, 97, 3, 0),
(98, 279, 98, 1, 1),
(99, 300, 99, 0, 0),
(100, 301, 100, 1, 1),
(101, 302, 101, 1, 1),
(102, 303, 102, 0, 0),
(103, 112, 103, 0, 0),
(104, 124, 104, 0, 0),
(105, 125, 105, 0, 0),
(106, 121, 106, 0, 0),
(107, 120, 107, 0, 0),
(108, 120, 108, 0, 0),
(109, 36, 109, 10, 0),
(110, 36, 110, 9, 0),
(111, 36, 111, 8, 0),
(112, 36, 112, 7, 0),
(113, 291, 113, 1, 1),
(114, 289, 114, 0, 0),
(115, 288, 115, 1, 1),
(116, 319, 116, 1, 1),
(117, 313, 117, 1, 1),
(118, 314, 118, 1, 1),
(119, 285, 119, 0, 0),
(120, 285, 120, 9, 0),
(121, 286, 121, 0, 0),
(122, 131, 122, 0, 0),
(123, 172, 123, 0, 0),
(124, 172, 124, 0, 0),
(125, 171, 125, 1, 0),
(126, 171, 126, 10, 0),
(127, 170, 127, 0, 0),
(128, 170, 128, 0, 0),
(129, 169, 129, 9, 0),
(130, 169, 130, 10, 0),
(131, 169, 131, 8, 0),
(132, 168, 132, 10, 0),
(133, 168, 133, 9, 0),
(134, 168, 134, 7, 0),
(135, 167, 135, 0, 0),
(136, 167, 136, 9, 0),
(137, 167, 137, 10, 0),
(138, 315, 138, 0, 0),
(139, 317, 139, 0, 0),
(140, 316, 140, 0, 0),
(141, 128, 141, 0, 0),
(142, 122, 142, 10, 0),
(143, 122, 143, 9, 0),
(144, 123, 144, 0, 0),
(145, 123, 145, 0, 0),
(146, 180, 146, 1, 1),
(147, 185, 147, 0, 0),
(148, 181, 148, 1, 0),
(149, 132, 149, 0, 0),
(150, 126, 150, 0, 0),
(151, 126, 151, 10, 0),
(152, 127, 152, 0, 0),
(153, 129, 153, 0, 0),
(154, 41, 154, 0, 0),
(155, 296, 155, 0, 0),
(156, 226, 156, 0, 0),
(157, 228, 157, 0, 0),
(158, 222, 158, 0, 0),
(159, 227, 159, 0, 0),
(160, 225, 160, 0, 0),
(161, 223, 161, 0, 0),
(162, 38, 162, 0, 0),
(163, 39, 163, 0, 0),
(164, 3, 164, 1, 1),
(165, 3, 165, 1, 1),
(166, 3, 166, 1, 1),
(167, 4, 167, 1, 1),
(168, 4, 168, 10, 0),
(169, 293, 169, 0, 0),
(170, 293, 170, 0, 0),
(171, 295, 171, 0, 0),
(172, 40, 172, 0, 0),
(173, 329, 173, 0, 0),
(174, 298, 174, 0, 0),
(175, 297, 175, 0, 0),
(176, 284, 176, 9, 0),
(177, 284, 177, 10, 0),
(178, 292, 178, 0, 0),
(179, 292, 179, 0, 0),
(180, 281, 180, 0, 0),
(181, 281, 181, 0, 0),
(182, 281, 182, 0, 0),
(183, 281, 183, 0, 0),
(184, 281, 184, 0, 0),
(185, 281, 185, 0, 0),
(186, 287, 186, 0, 0),
(187, 280, 187, 0, 0),
(188, 280, 188, 0, 0),
(189, 221, 189, 0, 0),
(190, 221, 190, 0, 0),
(191, 220, 191, 0, 0),
(192, 220, 192, 0, 0),
(193, 220, 193, 0, 0),
(194, 220, 194, 0, 0),
(195, 283, 195, 0, 0),
(196, 282, 196, 0, 0),
(197, 248, 197, 1, 1),
(198, 249, 198, 1, 1),
(199, 250, 199, 1, 1),
(200, 252, 200, 0, 0),
(201, 251, 201, 1, 1),
(202, 294, 202, 0, 0),
(203, 217, 203, 0, 0),
(204, 218, 204, 0, 0),
(205, 218, 205, 0, 0),
(206, 218, 206, 0, 0),
(207, 219, 207, 0, 0),
(208, 328, 208, 0, 0),
(209, 328, 209, 0, 0),
(210, 327, 210, 0, 0),
(211, 327, 211, 0, 0),
(212, 326, 212, 0, 0),
(213, 326, 213, 0, 0),
(214, 154, 214, 0, 0),
(215, 154, 215, 0, 0),
(216, 179, 216, 0, 0),
(217, 179, 217, 0, 0),
(218, 155, 218, 1, 1),
(219, 162, 219, 1, 1),
(220, 162, 220, 1, 1),
(221, 165, 221, 9, 0),
(222, 165, 222, 10, 0),
(223, 186, 223, 0, 0),
(224, 186, 224, 0, 0),
(225, 153, 225, 9, 0),
(226, 153, 226, 10, 0),
(227, 142, 227, 0, 0),
(228, 138, 228, 0, 0),
(229, 138, 229, 0, 0),
(230, 166, 230, 1, 1),
(231, 184, 231, 1, 1),
(232, 184, 232, 1, 1),
(233, 152, 233, 0, 0),
(234, 163, 234, 9, 0),
(235, 163, 235, 10, 0),
(236, 164, 236, 9, 0),
(237, 164, 237, 10, 0),
(238, 187, 238, 9, 0),
(239, 187, 239, 10, 0),
(240, 183, 240, 1, 1),
(241, 183, 241, 1, 1),
(242, 182, 242, 1, 1),
(243, 182, 243, 1, 1),
(244, 137, 244, 0, 0),
(245, 143, 245, 1, 1),
(246, 141, 246, 0, 0),
(247, 141, 247, 0, 0),
(248, 156, 248, 0, 0),
(249, 157, 249, 0, 0),
(250, 158, 250, 0, 0),
(251, 159, 251, 0, 0),
(252, 160, 252, 10, 0),
(253, 161, 253, 0, 0),
(254, 136, 254, 0, 0),
(255, 139, 255, 0, 0),
(256, 140, 256, 0, 0),
(257, 140, 257, 0, 0),
(258, 133, 258, 0, 0),
(259, 63, 259, 1, 1),
(260, 64, 260, 0, 0),
(261, 17, 261, 0, 0),
(262, 16, 262, 0, 0),
(263, 6, 263, 0, 0),
(264, 7, 264, 0, 0),
(265, 18, 265, 0, 0),
(266, 18, 266, 0, 0),
(267, 12, 267, 0, 0),
(268, 12, 268, 0, 0),
(269, 12, 269, 0, 0),
(270, 12, 270, 0, 0),
(271, 11, 271, 0, 0),
(272, 11, 272, 0, 0),
(273, 5, 273, 1, 1),
(274, 5, 274, 1, 1),
(275, 5, 275, 1, 1),
(276, 5, 276, 1, 1),
(277, 2, 277, 1, 1),
(278, 2, 278, 1, 1),
(279, 2, 279, 1, 1),
(280, 15, 280, 0, 0),
(281, 15, 281, 0, 0),
(282, 15, 282, 0, 0),
(283, 8, 283, 0, 0),
(284, 8, 284, 0, 0),
(285, 8, 285, 0, 0),
(286, 13, 286, 1, 1),
(287, 13, 287, 1, 1),
(288, 14, 288, 0, 0),
(289, 14, 289, 0, 0),
(290, 290, 290, 0, 0),
(291, 189, 291, 1, 1),
(292, 175, 292, 0, 0),
(293, 175, 293, 0, 0),
(294, 174, 294, 0, 0),
(295, 174, 295, 0, 0),
(296, 173, 296, 0, 0),
(297, 173, 297, 0, 0),
(298, 307, 298, 1, 1),
(299, 311, 299, 1, 1),
(300, 309, 300, 1, 1),
(301, 312, 301, 1, 1),
(302, 308, 302, 1, 1),
(303, 310, 303, 1, 1),
(304, 232, 304, 0, 0),
(305, 232, 305, 0, 0),
(306, 233, 306, 0, 0),
(307, 213, 307, 0, 0),
(308, 213, 308, 10, 0),
(309, 213, 309, 9, 0),
(310, 206, 310, 9, 0),
(311, 206, 311, 10, 0),
(312, 229, 312, 0, 0),
(313, 230, 313, 0, 0),
(314, 231, 314, 0, 0),
(315, 37, 315, 0, 0),
(316, 37, 316, 0, 0),
(317, 208, 317, 0, 0),
(318, 207, 318, 0, 0),
(319, 207, 319, 0, 0),
(320, 207, 320, 0, 0),
(321, 58, 321, 1, 1),
(322, 58, 322, 1, 1),
(323, 58, 323, 8, 0),
(324, 58, 324, 10, 0),
(325, 58, 325, 9, 0),
(326, 58, 326, 7, 0),
(327, 201, 327, 0, 0),
(328, 201, 328, 0, 0),
(329, 97, 329, 0, 0),
(330, 90, 330, 0, 0),
(331, 88, 331, 0, 0),
(332, 104, 332, 0, 0),
(333, 82, 333, 0, 0),
(334, 99, 334, 0, 0),
(335, 102, 335, 0, 0),
(336, 105, 336, 0, 0),
(337, 111, 337, 0, 0),
(338, 107, 338, 0, 0),
(339, 106, 339, 0, 0),
(340, 108, 340, 0, 0),
(341, 103, 341, 0, 0),
(342, 237, 342, 0, 0),
(343, 81, 343, 0, 0),
(344, 91, 344, 0, 0),
(345, 110, 345, 0, 0),
(346, 75, 346, 1, 1),
(347, 75, 347, 0, 0),
(348, 76, 348, 0, 0),
(349, 72, 349, 0, 0),
(350, 80, 350, 0, 0),
(351, 98, 351, 0, 0),
(352, 84, 352, 0, 0),
(353, 84, 353, 0, 0),
(354, 83, 354, 0, 0),
(355, 85, 355, 0, 0),
(356, 69, 356, 0, 0),
(357, 67, 357, 0, 0),
(358, 86, 358, 0, 0),
(359, 70, 359, 0, 0),
(360, 96, 360, 0, 0),
(361, 68, 361, 0, 0),
(362, 66, 362, 0, 0),
(363, 73, 363, 0, 0),
(364, 79, 364, 0, 0),
(365, 74, 365, 0, 0),
(366, 109, 366, 0, 0),
(367, 95, 367, 0, 0),
(368, 93, 368, 0, 0),
(369, 92, 369, 0, 0),
(370, 94, 370, 0, 0),
(371, 100, 371, 0, 0),
(372, 101, 372, 0, 0),
(373, 87, 373, 0, 0),
(374, 276, 374, 1, 1),
(375, 277, 375, 1, 1),
(376, 278, 376, 1, 1),
(377, 264, 377, 1, 1),
(378, 265, 378, 1, 1),
(379, 266, 379, 0, 0),
(380, 267, 380, 1, 1),
(381, 268, 381, 1, 1),
(382, 269, 382, 1, 1),
(383, 270, 383, 1, 1),
(384, 274, 384, 1, 1),
(385, 275, 385, 1, 1),
(386, 198, 386, 0, 0),
(387, 199, 387, 0, 0),
(388, 145, 388, 0, 0),
(389, 146, 389, 0, 0),
(390, 147, 390, 0, 0),
(391, 148, 391, 0, 0),
(392, 149, 392, 0, 0),
(393, 150, 393, 0, 0),
(394, 151, 394, 0, 0),
(395, 195, 395, 0, 0),
(396, 194, 396, 0, 0),
(397, 193, 397, 0, 0),
(398, 192, 398, 0, 0),
(399, 196, 399, 0, 0),
(400, 197, 400, 0, 0),
(401, 324, 401, 1, 1),
(402, 323, 402, 1, 1),
(403, 134, 403, 10, 0),
(404, 134, 404, 0, 0),
(405, 134, 405, 9, 0),
(406, 42, 406, 0, 0),
(407, 43, 407, 0, 0),
(408, 44, 408, 0, 0),
(409, 45, 409, 0, 0),
(410, 47, 410, 9, 0),
(411, 47, 411, 10, 0),
(412, 47, 412, 8, 0),
(413, 47, 413, 7, 0),
(414, 46, 414, 0, 0),
(415, 46, 415, 0, 0),
(416, 46, 416, 0, 0),
(417, 46, 417, 0, 0),
(418, 48, 418, 0, 0),
(419, 48, 419, 0, 0),
(420, 62, 420, 0, 0),
(421, 52, 421, 0, 0),
(422, 53, 422, 0, 0),
(423, 202, 423, 1, 1),
(424, 59, 424, 0, 0),
(425, 54, 425, 0, 0),
(426, 210, 426, 0, 0),
(427, 211, 427, 1, 1),
(428, 212, 428, 1, 1),
(429, 60, 429, 0, 0),
(430, 51, 430, 1, 1),
(431, 50, 431, 1, 1),
(432, 205, 432, 1, 1),
(433, 56, 433, 1, 1),
(434, 57, 434, 0, 0),
(435, 49, 435, 0, 0),
(436, 243, 436, 0, 0),
(437, 271, 437, 1, 1),
(438, 272, 438, 1, 1),
(439, 273, 439, 1, 1),
(440, 214, 440, 1, 1),
(441, 215, 441, 9, 0),
(442, 215, 442, 10, 0),
(443, 215, 443, 8, 0),
(444, 214, 444, 1, 1),
(445, 214, 445, 1, 1),
(446, 214, 446, 1, 1),
(447, 214, 447, 1, 1),
(448, 214, 448, 1, 1),
(449, 216, 449, 0, 0),
(450, 216, 450, 0, 0),
(451, 216, 451, 0, 0),
(452, 224, 452, 0, 0),
(453, 244, 453, 10, 0),
(454, 244, 454, 0, 0),
(455, 244, 455, 0, 0),
(456, 234, 456, 0, 0),
(457, 236, 457, 0, 0),
(458, 235, 458, 0, 0),
(459, 209, 459, 0, 0),
(460, 204, 460, 0, 0),
(461, 203, 461, 0, 0),
(462, 200, 462, 0, 0),
(463, 89, 463, 0, 0),
(464, 241, 464, 0, 0),
(465, 238, 465, 0, 0),
(466, 246, 466, 0, 0),
(467, 242, 467, 0, 0),
(468, 247, 468, 0, 0),
(469, 240, 469, 0, 0),
(470, 239, 470, 0, 0),
(471, 78, 471, 0, 0),
(472, 71, 472, 0, 0),
(473, 65, 473, 0, 0),
(474, 65, 474, 0, 0),
(475, 65, 475, 0, 0),
(476, 77, 476, 0, 0),
(477, 325, 477, 1, 1),
(478, 55, 478, 0, 0),
(479, 61, 479, 0, 0),
(480, 245, 480, 0, 0),
(481, 171, 481, 1, 1),
(482, 288, 482, 1, 0),
(483, 334, 483, 1, 0),
(484, 343, 484, 1, 0),
(485, 343, 485, 1, 0),
(486, 349, 486, 1, 0),
(487, 351, 487, 1, 0),
(488, 350, 488, 1, 1),
(489, 344, 489, 10, 0),
(490, 348, 490, 1, 1),
(491, 348, 491, 1, 1),
(492, 348, 492, 1, 1),
(493, 348, 493, 1, 1),
(494, 214, 494, 1, 0),
(495, 338, 495, 1, 0),
(496, 305, 496, 1, 0),
(497, 3, 497, 10, 0),
(498, 3, 498, 9, 0),
(499, 19, 499, 1, 0),
(500, 352, 501, 1, 0),
(501, 353, 503, 1, 0),
(502, 350, 504, 10, 0),
(503, 350, 505, 1, 1),
(504, 350, 506, 7, 0),
(505, 350, 507, 9, 0),
(506, 350, 508, 8, 0),
(507, 264, 509, 7, 0),
(508, 264, 510, 8, 0),
(509, 264, 511, 10, 0),
(510, 264, 512, 9, 0),
(511, 265, 513, 10, 0),
(512, 265, 514, 8, 0),
(513, 265, 515, 7, 0),
(514, 265, 516, 9, 0),
(515, 266, 517, 7, 0),
(516, 266, 518, 10, 0),
(517, 266, 519, 9, 0),
(518, 266, 520, 8, 0),
(519, 267, 521, 10, 0),
(520, 267, 522, 8, 0),
(521, 267, 523, 7, 0),
(522, 267, 524, 9, 0),
(523, 269, 525, 1, 0),
(524, 210, 526, 1, 0),
(525, 211, 527, 1, 0),
(526, 212, 528, 1, 0),
(527, 36, 529, 1, 1),
(528, 270, 530, 1, 0),
(529, 183, 531, 1, 0),
(530, 183, 532, 1, 0),
(531, 182, 533, 1, 0),
(532, 182, 534, 1, 0),
(533, 184, 535, 1, 0),
(534, 355, 537, 1, 0),
(535, 356, 539, 1, 0),
(536, 357, 541, 1, 0),
(537, 357, 542, 1, 0),
(538, 358, 545, 1, 0),
(539, 358, 546, 1, 0),
(540, 359, 547, 1, 0),
(541, 359, 548, 1, 0),
(542, 34, 554, 1, 0),
(543, 34, 555, 1, 0),
(544, 34, 556, 1, 0),
(545, 360, 557, 1, 0),
(546, 360, 558, 1, 0),
(547, 360, 559, 1, 0),
(548, 35, 560, 1, 0),
(549, 5, 561, 1, 0),
(550, 5, 562, 1, 0),
(551, 5, 563, 1, 0),
(552, 135, 564, 1, 0),
(553, 321, 565, 1, 0),
(554, 318, 566, 1, 0),
(555, 301, 567, 1, 0),
(556, 291, 568, 1, 0),
(557, 319, 569, 1, 0),
(558, 342, 570, 1, 0),
(559, 342, 571, 1, 0),
(560, 342, 572, 1, 0),
(561, 342, 573, 1, 0),
(562, 180, 574, 1, 0),
(563, 180, 575, 1, 0),
(564, 180, 576, 1, 0),
(565, 313, 577, 1, 0),
(566, 56, 578, 1, 0),
(567, 56, 579, 1, 0),
(568, 50, 580, 1, 0),
(569, 345, 581, 1, 0),
(570, 346, 582, 1, 0),
(571, 347, 583, 1, 0),
(572, 302, 584, 10, 0),
(573, 314, 585, 10, 0),
(574, 314, 586, 9, 0),
(575, 30, 587, 10, 0),
(576, 9, 588, 10, 0),
(577, 155, 589, 10, 0),
(578, 162, 590, 10, 0),
(579, 361, 592, 9, 0),
(580, 361, 593, 10, 0),
(581, 248, 594, 10, 0),
(582, 249, 595, 9, 0),
(583, 249, 596, 10, 0),
(584, 251, 597, 10, 0),
(585, 250, 598, 10, 0),
(586, 166, 599, 10, 0),
(587, 143, 600, 10, 0),
(588, 133, 601, 1, 0),
(589, 307, 602, 10, 0),
(590, 311, 603, 9, 0),
(591, 309, 604, 10, 0),
(592, 312, 605, 10, 0),
(593, 308, 606, 10, 0),
(594, 310, 607, 10, 0),
(595, 276, 608, 10, 0),
(596, 277, 609, 8, 0),
(597, 277, 610, 10, 0),
(598, 181, 611, 1, 1),
(599, 181, 612, 1, 1),
(600, 274, 613, 8, 0),
(601, 274, 614, 9, 0),
(602, 274, 615, 10, 0),
(603, 181, 616, 1, 1),
(604, 277, 617, 9, 0),
(605, 275, 618, 10, 0),
(606, 275, 619, 8, 0),
(607, 275, 620, 9, 0),
(608, 348, 621, 8, 0),
(609, 348, 622, 9, 0),
(610, 348, 623, 10, 0),
(611, 278, 624, 10, 0),
(612, 278, 625, 1, 0),
(613, 278, 626, 9, 0),
(614, 325, 627, 1, 1),
(615, 325, 628, 9, 0),
(616, 325, 629, 8, 0),
(617, 325, 630, 6, 0),
(618, 325, 631, 1, 0),
(619, 325, 632, 1, 1),
(620, 324, 633, 1, 0),
(621, 324, 634, 1, 0),
(622, 324, 635, 1, 0),
(623, 324, 636, 1, 0),
(624, 324, 637, 1, 0),
(625, 324, 638, 1, 0),
(626, 160, 639, 1, 1),
(627, 160, 640, 1, 1),
(628, 202, 641, 10, 0),
(629, 202, 642, 9, 0),
(630, 323, 643, 10, 0),
(631, 323, 644, 9, 0),
(632, 51, 645, 9, 0),
(633, 51, 646, 10, 0),
(634, 205, 647, 9, 0),
(635, 205, 648, 10, 0),
(636, 271, 649, 9, 0),
(637, 271, 650, 10, 0),
(638, 272, 651, 10, 0),
(639, 273, 652, 10, 0),
(640, 362, 654, 1, 0),
(641, 363, 656, 1, 0),
(642, 364, 658, 1, 0),
(643, 365, 660, 1, 0),
(644, 366, 662, 1, 0),
(645, 367, 664, 1, 0),
(646, 368, 666, 1, 0),
(647, 368, 667, 1, 0),
(648, 368, 668, 1, 0),
(649, 369, 669, 1, 0),
(650, 369, 670, 1, 0),
(651, 369, 671, 1, 0),
(652, 13, 673, 10, 0),
(653, 18, 674, 1, 0),
(654, 18, 675, 1, 0),
(655, 18, 676, 1, 0),
(656, 2, 677, 9, 0),
(657, 2, 678, 8, 0),
(658, 2, 679, 7, 0),
(659, 2, 680, 10, 0),
(660, 63, 681, 1, 0),
(661, 63, 682, 1, 0),
(662, 63, 683, 1, 0),
(663, 190, 684, 1, 0),
(664, 188, 685, 1, 0),
(665, 189, 686, 10, 0),
(666, 268, 687, 1, 0),
(667, 372, 690, 1, 0),
(668, 372, 691, 1, 0),
(669, 325, 692, 1, 0),
(670, 325, 693, 1, 0),
(671, 325, 694, 1, 0),
(672, 325, 695, 1, 0),
(673, 325, 696, 1, 0),
(674, 325, 697, 1, 0);

-- --------------------------------------------------------

--
-- Estructura de tabla para la tabla `location`
--

CREATE TABLE IF NOT EXISTS `location` (
  `id` int(11) NOT NULL AUTO_INCREMENT,
  `name` varchar(20) NOT NULL,
  PRIMARY KEY (`id`)
) ENGINE=InnoDB  DEFAULT CHARSET=latin1 AUTO_INCREMENT=2 ;

--
-- Volcado de datos para la tabla `location`
--

INSERT INTO `location` (`id`, `name`) VALUES
(1, 'default');

-- --------------------------------------------------------

--
-- Estructura de tabla para la tabla `log`
--

CREATE TABLE IF NOT EXISTS `log` (
  `id` int(11) NOT NULL AUTO_INCREMENT,
  `iduser` bigint(20) NOT NULL,
  `IP` varchar(25) DEFAULT NULL,
  `MAC` varchar(25) DEFAULT NULL,
  `idlogtype` int(11) NOT NULL,
  `fecha` datetime NOT NULL,
  `inactivo` int(11) NOT NULL DEFAULT '0',
  PRIMARY KEY (`id`),
  KEY `iduser` (`iduser`,`idlogtype`),
  KEY `idlogtype` (`idlogtype`)
) ENGINE=InnoDB  DEFAULT CHARSET=latin1 AUTO_INCREMENT=191 ;

--
-- Volcado de datos para la tabla `log`
--

INSERT INTO `log` (`id`, `iduser`, `IP`, `MAC`, `idlogtype`, `fecha`, `inactivo`) VALUES
(1, 1, '201.208.149.215', NULL, 1, '2012-02-07 11:02:18', 0),
(2, 1, '201.208.149.215', NULL, 1, '2012-02-07 12:31:15', 0),
(3, 2, '201.210.218.92', NULL, 1, '2012-02-07 02:12:06', 0),
(4, 2, '201.210.218.92', NULL, 1, '2012-02-07 04:33:17', 0),
(5, 2, '201.210.218.92', NULL, 2, '2012-02-07 05:32:38', 0),
(6, 2, '201.210.218.92', NULL, 1, '2012-02-08 08:22:50', 0),
(7, 2, '201.210.218.92', NULL, 1, '2012-02-08 08:49:44', 0),
(8, 2, '201.210.218.92', NULL, 2, '2012-02-08 09:35:31', 0),
(9, 2, '201.210.218.92', NULL, 1, '2012-02-08 09:36:12', 0),
(10, 2, '201.210.218.92', NULL, 2, '2012-02-08 10:02:22', 0),
(11, 2, '201.210.218.92', NULL, 1, '2012-02-08 10:38:46', 0),
(12, 2, '201.210.218.92', NULL, 1, '2012-02-08 11:41:34', 0),
(13, 2, '201.210.218.92', NULL, 2, '2012-02-08 12:03:07', 0),
(14, 2, '201.210.218.92', NULL, 1, '2012-02-08 12:03:38', 0),
(15, 1, '201.210.218.92', NULL, 1, '2012-02-08 01:19:29', 0),
(16, 2, '201.210.218.92', NULL, 1, '2012-02-08 02:15:34', 0),
(17, 1, '201.210.218.92', NULL, 1, '2012-02-08 02:57:23', 0),
(18, 2, '201.210.218.92', NULL, 1, '2012-02-09 08:56:22', 0),
(19, 2, '201.210.218.92', NULL, 1, '2012-02-09 01:50:02', 0),
(20, 2, '201.210.218.92', NULL, 1, '2012-02-09 02:17:04', 0),
(21, 2, '201.210.218.92', NULL, 1, '2012-02-09 03:25:20', 0),
(22, 2, '201.210.218.92', NULL, 1, '2012-02-10 08:08:01', 0),
(23, 2, '201.210.218.92', NULL, 1, '2012-02-10 10:57:59', 0),
(24, 1, '201.210.218.92', NULL, 1, '2012-02-10 11:54:01', 0),
(25, 2, '201.210.218.92', NULL, 1, '2012-02-10 01:27:16', 0),
(26, 2, '201.210.218.92', NULL, 1, '2012-02-10 03:37:51', 0),
(27, 2, '201.210.218.92', NULL, 2, '2012-02-10 04:08:33', 0),
(28, 2, '201.210.218.92', NULL, 2, '2012-02-10 05:20:19', 0),
(29, 2, '201.210.218.92', NULL, 1, '2012-02-11 09:12:30', 0),
(30, 2, '201.210.218.92', NULL, 1, '2012-02-11 09:30:39', 0),
(31, 2, '201.210.218.92', NULL, 1, '2012-02-11 10:34:26', 0),
(32, 2, '201.210.218.92', NULL, 2, '2012-02-11 05:22:56', 0),
(33, 2, '201.210.218.92', NULL, 1, '2012-02-13 08:10:04', 0),
(34, 1, '201.210.218.92', NULL, 1, '2012-02-13 01:43:41', 0),
(35, 2, '201.210.218.92', NULL, 2, '2012-02-13 02:07:45', 0),
(36, 2, '201.210.218.92', NULL, 1, '2012-02-13 02:08:09', 0),
(37, 2, '201.210.218.92', NULL, 1, '2012-02-13 02:58:26', 0),
(38, 2, '201.210.218.92', NULL, 2, '2012-02-13 05:16:06', 0),
(39, 2, '201.210.218.92', NULL, 1, '2012-02-14 08:31:33', 0),
(40, 2, '201.210.218.92', NULL, 1, '2012-02-14 08:55:41', 0),
(41, 2, '201.210.218.92', NULL, 1, '2012-02-14 02:31:41', 0),
(42, 2, '201.210.218.92', NULL, 1, '2012-02-14 03:18:17', 0),
(43, 2, '201.210.218.92', NULL, 2, '2012-02-14 04:44:33', 0),
(44, 2, '201.210.218.92', NULL, 1, '2012-02-15 08:38:39', 0),
(45, 1, '190.73.91.108', NULL, 1, '2012-02-15 09:45:40', 0),
(46, 1, '190.73.91.108', NULL, 1, '2012-02-15 11:25:58', 0),
(47, 1, '190.73.91.108', NULL, 1, '2012-02-15 03:05:31', 0),
(48, 1, '201.210.218.92', NULL, 1, '2012-02-26 04:26:32', 0),
(49, 5, '201.210.218.92', NULL, 1, '2012-02-28 05:11:13', 0),
(50, 1, '201.210.218.92', NULL, 1, '2012-02-28 05:12:28', 0),
(51, 1, '201.210.218.92', NULL, 2, '2012-02-28 05:20:37', 0),
(52, 2, '201.210.218.92', NULL, 1, '2012-02-29 02:27:32', 0),
(53, 2, '201.210.218.92', NULL, 2, '2012-02-29 05:27:40', 0),
(54, 2, '201.210.218.92', NULL, 1, '2012-03-02 10:23:27', 0),
(55, 2, '201.210.218.92', NULL, 2, '2012-03-02 10:24:12', 0),
(56, 2, '201.210.218.92', NULL, 1, '2012-03-02 10:24:37', 0),
(57, 2, '201.210.218.92', NULL, 1, '2012-03-02 10:37:47', 0),
(58, 2, '201.210.218.92', NULL, 1, '2012-03-03 08:35:51', 0),
(59, 2, '201.210.218.92', NULL, 1, '2012-03-03 02:52:29', 0),
(60, 2, '201.210.218.92', NULL, 1, '2012-03-03 02:57:28', 0),
(61, 2, '201.210.218.92', NULL, 1, '2012-03-03 03:25:01', 0),
(62, 2, '201.210.218.92', NULL, 2, '2012-03-03 05:17:58', 0),
(63, 2, '201.210.218.92', NULL, 1, '2012-03-05 08:22:03', 0),
(64, 2, '201.210.218.92', NULL, 1, '2012-03-06 08:30:48', 0),
(65, 2, '201.210.218.92', NULL, 1, '2012-03-06 11:11:34', 0),
(66, 2, '201.210.218.92', NULL, 2, '2012-03-06 12:16:44', 0),
(67, 1, '201.210.218.92', NULL, 1, '2012-03-06 12:29:52', 0),
(68, 2, '201.210.218.92', NULL, 1, '2012-03-06 01:33:53', 0),
(69, 2, '201.210.218.92', NULL, 1, '2012-03-12 02:13:38', 0),
(70, 2, '201.210.218.92', NULL, 1, '2012-03-19 08:23:08', 0),
(71, 2, '201.210.218.92', NULL, 1, '2012-03-20 10:50:37', 0),
(72, 1, '190.199.108.212', NULL, 1, '2012-04-15 09:14:19', 0),
(73, 2, '190.77.86.218', NULL, 1, '2012-04-30 10:21:46', 0),
(74, 2, '190.77.86.218', NULL, 1, '2012-05-02 08:58:07', 0),
(75, 2, '190.77.86.218', NULL, 2, '2012-05-02 05:19:17', 0),
(76, 2, '190.77.86.218', NULL, 1, '2012-05-04 04:26:40', 0),
(77, 2, '190.77.86.218', NULL, 2, '2012-05-04 05:26:33', 0),
(78, 1, '186.24.34.100', NULL, 1, '2012-05-27 09:25:13', 0),
(79, 1, '186.24.34.100', NULL, 2, '2012-05-27 09:27:56', 0),
(80, 2, '190.77.85.2', NULL, 1, '2012-06-15 08:38:18', 0),
(81, 2, '190.77.85.2', NULL, 2, '2012-06-15 09:21:12', 0),
(82, 2, '190.77.85.2', NULL, 1, '2012-06-15 09:26:49', 0),
(83, 2, '190.77.85.2', NULL, 1, '2012-06-15 01:43:27', 0),
(84, 2, '190.77.85.2', NULL, 1, '2012-06-18 08:31:40', 0),
(85, 2, '190.77.85.2', NULL, 1, '2012-06-18 12:01:59', 0),
(86, 2, '190.77.85.2', NULL, 1, '2012-07-06 10:34:57', 0),
(87, 2, '190.77.85.2', NULL, 1, '2012-07-23 11:45:29', 0),
(88, 2, '190.77.85.2', NULL, 1, '2012-07-23 12:13:38', 0),
(89, 2, '190.77.85.2', NULL, 1, '2012-07-23 01:42:27', 0),
(90, 2, '190.77.85.2', NULL, 1, '2012-07-27 08:45:01', 0),
(91, 2, '127.0.0.1', NULL, 1, '2012-08-13 04:01:25', 0),
(92, 2, '127.0.0.1', NULL, 2, '2012-08-13 04:01:59', 0),
(93, 2, '127.0.0.1', NULL, 1, '2012-08-14 04:12:59', 0),
(94, 2, '127.0.0.1', NULL, 2, '2012-08-14 05:01:39', 0),
(95, 2, '127.0.0.1', NULL, 1, '2012-08-14 05:01:50', 0),
(96, 2, '127.0.0.1', NULL, 2, '2012-08-15 10:19:13', 0),
(97, 2, '127.0.0.1', NULL, 1, '2012-08-15 11:02:38', 0),
(98, 2, '127.0.0.1', NULL, 2, '2012-08-15 11:08:29', 0),
(99, 2, '127.0.0.1', NULL, 1, '2012-08-15 11:09:06', 0),
(100, 2, '127.0.0.1', NULL, 2, '2012-08-15 11:15:37', 0),
(101, 4, '127.0.0.1', NULL, 1, '2012-08-15 11:15:49', 0),
(102, 4, '127.0.0.1', NULL, 2, '2012-08-15 11:24:37', 0),
(103, 4, '127.0.0.1', NULL, 1, '2012-08-15 11:25:44', 0),
(104, 4, '127.0.0.1', NULL, 1, '2012-08-15 02:17:30', 0),
(105, 4, '127.0.0.1', NULL, 1, '2012-08-15 02:44:29', 0),
(106, 4, '127.0.0.1', NULL, 2, '2012-08-15 03:49:33', 0),
(107, 4, '127.0.0.1', NULL, 1, '2012-08-15 03:50:15', 0),
(108, 2, '127.0.0.1', NULL, 1, '2012-08-15 03:52:59', 0),
(109, 4, '127.0.0.1', NULL, 1, '2012-08-15 03:57:09', 0),
(110, 4, '127.0.0.1', NULL, 1, '2012-08-16 09:03:09', 0),
(111, 2, '127.0.0.1', NULL, 1, '2012-08-16 03:13:37', 0),
(112, 2, '127.0.0.1', NULL, 2, '2012-08-16 03:13:42', 0),
(113, 4, '127.0.0.1', NULL, 1, '2012-08-16 03:13:51', 0),
(114, 4, '127.0.0.1', NULL, 2, '2012-08-17 08:36:15', 0),
(115, 4, '127.0.0.1', NULL, 1, '2012-08-17 08:36:36', 0),
(116, 4, '127.0.0.1', NULL, 2, '2012-08-17 09:21:55', 0),
(117, 4, '127.0.0.1', NULL, 1, '2012-08-17 09:22:14', 0),
(118, 4, '127.0.0.1', NULL, 1, '2012-08-17 11:01:56', 0),
(119, 4, '127.0.0.1', NULL, 2, '2012-08-17 03:29:00', 0),
(120, 4, '127.0.0.1', NULL, 1, '2012-08-17 03:29:11', 0),
(121, 4, '127.0.0.1', NULL, 1, '2012-08-20 10:10:24', 0),
(122, 4, '127.0.0.1', NULL, 2, '2012-08-20 11:01:42', 0),
(123, 4, '127.0.0.1', NULL, 1, '2012-08-20 11:01:54', 0),
(124, 4, '127.0.0.1', NULL, 2, '2012-08-20 11:07:36', 0),
(125, 4, '127.0.0.1', NULL, 1, '2012-08-20 11:07:47', 0),
(126, 4, '127.0.0.1', NULL, 2, '2012-08-20 11:14:04', 0),
(127, 4, '127.0.0.1', NULL, 1, '2012-08-20 11:14:16', 0),
(128, 4, '127.0.0.1', NULL, 2, '2012-08-20 12:21:34', 0),
(129, 4, '127.0.0.1', NULL, 1, '2012-08-20 12:21:46', 0),
(130, 4, '127.0.0.1', NULL, 1, '2012-08-20 02:13:27', 0),
(131, 4, '127.0.0.1', NULL, 1, '2012-08-20 02:42:31', 0),
(132, 4, '127.0.0.1', NULL, 1, '2012-08-20 02:47:12', 0),
(133, 4, '127.0.0.1', NULL, 2, '2012-08-20 03:16:30', 0),
(134, 4, '127.0.0.1', NULL, 1, '2012-08-20 03:16:43', 0),
(135, 4, '127.0.0.1', NULL, 2, '2012-08-20 04:14:28', 0),
(136, 4, '127.0.0.1', NULL, 1, '2012-08-20 04:14:56', 0),
(137, 4, '127.0.0.1', NULL, 2, '2012-08-20 04:34:28', 0),
(138, 4, '127.0.0.1', NULL, 1, '2012-08-20 04:34:46', 0),
(139, 4, '127.0.0.1', NULL, 2, '2012-08-20 04:47:10', 0),
(140, 4, '127.0.0.1', NULL, 1, '2012-08-20 04:47:58', 0),
(141, 4, '127.0.0.1', NULL, 2, '2012-08-20 04:49:48', 0),
(142, 4, '127.0.0.1', NULL, 1, '2012-08-20 04:50:01', 0),
(143, 4, '127.0.0.1', NULL, 1, '2012-08-21 11:15:14', 0),
(144, 4, '127.0.0.1', NULL, 2, '2012-08-21 02:15:43', 0),
(145, 4, '127.0.0.1', NULL, 1, '2012-08-21 02:15:54', 0),
(146, 4, '127.0.0.1', NULL, 1, '2012-08-21 04:23:31', 0),
(147, 4, '127.0.0.1', NULL, 2, '2012-08-21 04:23:53', 0),
(148, 2, '127.0.0.1', NULL, 1, '2012-08-21 04:23:57', 0),
(149, 2, '127.0.0.1', NULL, 1, '2012-08-21 04:26:42', 0),
(150, 2, '127.0.0.1', NULL, 1, '2012-08-22 05:11:24', 0),
(151, 2, '127.0.0.1', NULL, 1, '2012-08-22 05:15:23', 0),
(152, 2, '127.0.0.1', NULL, 1, '2012-08-23 08:19:08', 0),
(153, 2, '127.0.0.1', NULL, 2, '2012-08-23 03:06:20', 0),
(154, 4, '127.0.0.1', NULL, 1, '2012-08-23 03:06:31', 0),
(155, 4, '127.0.0.1', NULL, 2, '2012-08-23 03:07:28', 0),
(156, 2, '127.0.0.1', NULL, 1, '2012-08-23 03:07:36', 0),
(157, 2, '127.0.0.1', NULL, 2, '2012-08-23 03:12:09', 0),
(158, 4, '127.0.0.1', NULL, 1, '2012-08-23 03:12:21', 0),
(159, 2, '127.0.0.1', NULL, 1, '2012-08-27 10:21:51', 0),
(160, 4, '127.0.0.1', NULL, 1, '2012-08-27 11:08:12', 0),
(161, 4, '127.0.0.1', NULL, 2, '2012-08-27 11:39:46', 0),
(162, 4, '127.0.0.1', NULL, 1, '2012-08-27 11:39:59', 0),
(163, 4, '127.0.0.1', NULL, 2, '2012-08-27 11:41:30', 0),
(164, 4, '127.0.0.1', NULL, 1, '2012-08-27 11:41:42', 0),
(165, 4, '127.0.0.1', NULL, 2, '2012-08-27 11:42:27', 0),
(166, 4, '127.0.0.1', NULL, 1, '2012-08-27 11:42:39', 0),
(167, 4, '127.0.0.1', NULL, 2, '2012-08-28 10:38:42', 0),
(168, 4, '127.0.0.1', NULL, 1, '2012-08-28 10:38:54', 0),
(169, 4, '127.0.0.1', NULL, 2, '2012-08-28 11:36:33', 0),
(170, 4, '127.0.0.1', NULL, 1, '2012-08-28 11:36:58', 0),
(171, 4, '127.0.0.1', NULL, 2, '2012-08-28 11:38:56', 0),
(172, 4, '127.0.0.1', NULL, 1, '2012-08-28 11:39:18', 0),
(173, 4, '127.0.0.1', NULL, 2, '2012-08-28 03:39:06', 0),
(174, 4, '127.0.0.1', NULL, 1, '2012-08-28 03:39:20', 0),
(175, 4, '127.0.0.1', NULL, 2, '2012-08-28 03:57:52', 0),
(176, 4, '127.0.0.1', NULL, 1, '2012-08-28 03:58:30', 0),
(177, 4, '127.0.0.1', NULL, 2, '2012-08-28 04:00:12', 0),
(178, 4, '127.0.0.1', NULL, 1, '2012-08-28 04:00:29', 0),
(179, 4, '127.0.0.1', NULL, 2, '2012-08-28 04:25:02', 0),
(180, 4, '127.0.0.1', NULL, 1, '2012-08-28 04:25:13', 0),
(181, 4, '127.0.0.1', NULL, 2, '2012-08-29 10:30:54', 0),
(182, 4, '127.0.0.1', NULL, 1, '2012-08-29 10:31:04', 0),
(183, 4, '127.0.0.1', NULL, 2, '2012-08-29 10:33:23', 0),
(184, 4, '127.0.0.1', NULL, 1, '2012-08-29 10:33:42', 0),
(185, 4, '127.0.0.1', NULL, 2, '2012-08-29 10:38:06', 0),
(186, 4, '127.0.0.1', NULL, 1, '2012-08-29 10:38:20', 0),
(187, 4, '127.0.0.1', NULL, 2, '2012-08-29 10:51:05', 0),
(188, 4, '127.0.0.1', NULL, 1, '2012-08-29 10:51:15', 0),
(189, 4, '127.0.0.1', NULL, 2, '2012-08-29 04:05:34', 0),
(190, 4, '127.0.0.1', NULL, 1, '2012-08-29 04:05:49', 0);

-- --------------------------------------------------------

--
-- Estructura de tabla para la tabla `log_type`
--

CREATE TABLE IF NOT EXISTS `log_type` (
  `id` int(11) NOT NULL AUTO_INCREMENT,
  `nombre` varchar(25) CHARACTER SET utf8 COLLATE utf8_spanish2_ci NOT NULL,
  PRIMARY KEY (`id`)
) ENGINE=InnoDB  DEFAULT CHARSET=latin1 AUTO_INCREMENT=3 ;

--
-- Volcado de datos para la tabla `log_type`
--

INSERT INTO `log_type` (`id`, `nombre`) VALUES
(1, 'inicio'),
(2, 'cierre');

-- --------------------------------------------------------

--
-- Estructura de tabla para la tabla `pedidos`
--

CREATE TABLE IF NOT EXISTS `pedidos` (
  `id` int(11) NOT NULL AUTO_INCREMENT,
  `fecha_creacion` timestamp NOT NULL DEFAULT '0000-00-00 00:00:00',
  `fecha_ult_mod` timestamp NOT NULL DEFAULT '0000-00-00 00:00:00',
  `tipo_pago` int(11) NOT NULL,
  `forma_pago` int(11) NOT NULL,
  `id_cliente` int(11) NOT NULL,
  `estado` int(11) NOT NULL,
  `inactivo` int(11) NOT NULL,
  PRIMARY KEY (`id`)
) ENGINE=InnoDB  DEFAULT CHARSET=utf8 COLLATE=utf8_spanish_ci AUTO_INCREMENT=2 ;

--
-- Volcado de datos para la tabla `pedidos`
--

INSERT INTO `pedidos` (`id`, `fecha_creacion`, `fecha_ult_mod`, `tipo_pago`, `forma_pago`, `id_cliente`, `estado`, `inactivo`) VALUES
(1, '2012-08-29 04:30:00', '2012-08-29 04:30:00', 0, 0, 1, 0, 0);

-- --------------------------------------------------------

--
-- Estructura de tabla para la tabla `precios`
--

CREATE TABLE IF NOT EXISTS `precios` (
  `id` int(11) NOT NULL AUTO_INCREMENT,
  `precio` float(18,2) NOT NULL,
  `inactivo` int(11) NOT NULL DEFAULT '0',
  PRIMARY KEY (`id`)
) ENGINE=InnoDB  DEFAULT CHARSET=latin1 AUTO_INCREMENT=823 ;

--
-- Volcado de datos para la tabla `precios`
--

INSERT INTO `precios` (`id`, `precio`, `inactivo`) VALUES
(1, 42.39, 0),
(2, 45.90, 0),
(3, 12.70, 0),
(4, 13.58, 0),
(5, 121.80, 0),
(6, 134.20, 0),
(9, 43.77, 0),
(10, 46.84, 0),
(11, 26.30, 0),
(12, 28.14, 0),
(13, 31.12, 0),
(14, 33.38, 0),
(15, 27.50, 0),
(16, 29.42, 0),
(17, 20.00, 0),
(18, 21.40, 0),
(19, 120.00, 0),
(20, 125.30, 0),
(21, 30.30, 0),
(22, 32.42, 0),
(23, 32.03, 0),
(24, 33.53, 0),
(33, 34.60, 0),
(34, 36.40, 0),
(35, 28.30, 0),
(36, 30.28, 0),
(37, 25.20, 0),
(38, 26.96, 0),
(39, 43.80, 0),
(40, 46.86, 0),
(41, 45.00, 0),
(42, 48.15, 0),
(43, 40.60, 0),
(44, 42.60, 0),
(45, 15.50, 0),
(46, 16.20, 0),
(47, 13.00, 0),
(48, 13.97, 0),
(49, 27.89, 0),
(50, 29.29, 0),
(51, 22.90, 0),
(52, 24.00, 0),
(53, 16.60, 0),
(54, 17.70, 0),
(55, 27.90, 0),
(56, 29.30, 0),
(65, 22.90, 0),
(66, 24.00, 0),
(67, 16.61, 0),
(68, 17.79, 0),
(69, 145.00, 0),
(70, 155.00, 0),
(71, 26.30, 0),
(72, 27.60, 0),
(73, 20.50, 0),
(74, 21.50, 0),
(75, 43.50, 0),
(76, 46.54, 0),
(77, 29.90, 0),
(78, 31.30, 0),
(79, 55.90, 0),
(80, 58.50, 0),
(81, 130.70, 0),
(82, 136.60, 0),
(83, 42.40, 0),
(84, 44.40, 0),
(85, 56.35, 0),
(86, 60.29, 0),
(87, 47.13, 0),
(88, 50.43, 0),
(89, 59.42, 0),
(90, 63.58, 0),
(91, 47.13, 0),
(92, 50.43, 0),
(93, 5.70, 0),
(94, 6.00, 0),
(95, 6.76, 0),
(96, 7.26, 0),
(97, 7.70, 0),
(98, 8.23, 0),
(99, 12.08, 0),
(100, 12.98, 0),
(101, 26.20, 0),
(102, 28.03, 0),
(103, 17.30, 0),
(104, 18.51, 0),
(105, 18.20, 0),
(106, 19.20, 0),
(107, 21.10, 0),
(108, 22.57, 0),
(109, 9.42, 0),
(110, 10.12, 0),
(111, 94.00, 0),
(112, 98.70, 0),
(113, 18.90, 0),
(114, 20.22, 0),
(115, 19.20, 0),
(116, 20.54, 0),
(117, 15.00, 0),
(118, 16.05, 0),
(119, 13.06, 0),
(120, 14.03, 0),
(121, 9.70, 0),
(122, 10.37, 0),
(123, 15.00, 0),
(124, 16.05, 0),
(125, 20.80, 0),
(126, 21.80, 0),
(127, 27.93, 0),
(128, 29.89, 0),
(129, 14.40, 0),
(130, 15.40, 0),
(131, 16.55, 0),
(132, 17.71, 0),
(133, 11.61, 0),
(134, 12.42, 0),
(135, 20.25, 0),
(136, 21.67, 0),
(137, 21.10, 0),
(138, 22.57, 0),
(139, 16.00, 0),
(140, 17.12, 0),
(141, 8.70, 0),
(142, 9.35, 0),
(143, 15.80, 0),
(144, 16.90, 0),
(145, 12.90, 0),
(146, 14.50, 0),
(147, 29.10, 0),
(148, 31.13, 0),
(149, 40.70, 0),
(150, 43.77, 0),
(151, 18.04, 0),
(152, 19.30, 0),
(153, 12.10, 0),
(154, 12.94, 0),
(155, 21.10, 0),
(156, 22.57, 0),
(157, 16.72, 0),
(158, 17.89, 0),
(159, 15.40, 0),
(160, 16.47, 0),
(161, 34.10, 0),
(162, 36.48, 0),
(163, 24.20, 0),
(164, 25.40, 0),
(165, 20.70, 0),
(166, 22.15, 0),
(167, 27.58, 0),
(168, 29.51, 0),
(169, 27.20, 0),
(170, 28.50, 0),
(171, 22.40, 0),
(172, 23.40, 0),
(173, 20.60, 0),
(174, 22.04, 0),
(175, 24.50, 0),
(176, 26.21, 0),
(177, 18.04, 0),
(178, 19.30, 0),
(179, 20.70, 0),
(180, 22.14, 0),
(181, 29.10, 0),
(182, 30.40, 0),
(183, 11.70, 0),
(184, 12.30, 0),
(185, 21.73, 0),
(186, 21.74, 0),
(187, 16.70, 0),
(188, 17.86, 0),
(189, 23.04, 0),
(190, 24.65, 0),
(191, 19.80, 0),
(192, 20.13, 0),
(193, 13.70, 0),
(194, 14.65, 0),
(195, 14.50, 0),
(196, 15.51, 0),
(197, 14.20, 0),
(198, 15.19, 0),
(199, 21.30, 0),
(200, 22.79, 0),
(201, 16.89, 0),
(202, 18.14, 0),
(203, 55.30, 0),
(204, 59.17, 0),
(205, 15.10, 0),
(206, 16.15, 0),
(207, 28.80, 0),
(208, 30.30, 0),
(209, 26.50, 0),
(210, 28.38, 0),
(211, 28.80, 0),
(212, 30.30, 0),
(213, 26.50, 0),
(214, 27.90, 0),
(215, 16.20, 0),
(216, 17.00, 0),
(217, 52.20, 0),
(218, 55.85, 0),
(219, 23.07, 0),
(220, 24.69, 0),
(221, 6.85, 0),
(222, 7.33, 0),
(223, 12.20, 0),
(224, 12.80, 0),
(225, 12.20, 0),
(226, 13.20, 0),
(227, 5.76, 0),
(228, 6.19, 0),
(229, 17.76, 0),
(230, 19.09, 0),
(231, 14.50, 0),
(232, 15.51, 0),
(233, 7.70, 0),
(234, 8.30, 0),
(235, 12.00, 0),
(236, 12.84, 0),
(237, 15.20, 0),
(238, 15.90, 0),
(239, 10.60, 0),
(240, 11.34, 0),
(241, 20.70, 0),
(242, 22.15, 0),
(243, 14.80, 0),
(244, 15.83, 0),
(245, 9.00, 0),
(246, 9.50, 0),
(247, 15.50, 0),
(248, 17.90, 0),
(249, 19.40, 0),
(250, 20.30, 0),
(251, 18.00, 0),
(252, 19.00, 0),
(253, 17.00, 0),
(254, 17.80, 0),
(255, 14.60, 0),
(256, 14.90, 0),
(257, 17.80, 0),
(258, 18.60, 0),
(259, 16.00, 0),
(260, 17.20, 0),
(261, 13.60, 0),
(262, 12.80, 0),
(263, 29.28, 0),
(264, 31.32, 0),
(265, 32.54, 0),
(266, 34.82, 0),
(267, 22.40, 0),
(268, 23.90, 0),
(269, 22.40, 0),
(270, 23.90, 0),
(271, 33.12, 0),
(272, 35.43, 0),
(273, 26.88, 0),
(274, 28.76, 0),
(275, 54.90, 0),
(276, 57.60, 0),
(277, 52.00, 0),
(278, 54.60, 0),
(279, 18.26, 0),
(280, 19.62, 0),
(281, 25.24, 0),
(282, 27.01, 0),
(283, 25.90, 0),
(284, 27.71, 0),
(285, 24.00, 0),
(286, 25.68, 0),
(287, 24.76, 0),
(288, 26.61, 0),
(289, 136.30, 0),
(290, 145.20, 0),
(291, 6114.00, 0),
(292, 6551.00, 0),
(293, 9.44, 0),
(294, 10.14, 0),
(295, 59.30, 0),
(296, 62.80, 0),
(297, 53.10, 0),
(298, 56.70, 0),
(299, 65.10, 0),
(300, 57.30, 0),
(301, 66.20, 0),
(302, 69.60, 0),
(303, 66.20, 0),
(304, 69.70, 0),
(305, 41.60, 0),
(306, 44.50, 0),
(307, 51.70, 0),
(308, 55.20, 0),
(309, 155.70, 0),
(310, 166.90, 0),
(313, 24.90, 0),
(314, 26.68, 0),
(315, 26.30, 0),
(316, 27.40, 0),
(317, 26.90, 0),
(318, 28.78, 0),
(319, 32.00, 0),
(320, 32.10, 0),
(321, 32.00, 0),
(322, 34.24, 0),
(323, 36.75, 0),
(324, 38.31, 0),
(325, 27.20, 0),
(326, 29.10, 0),
(327, 42.32, 0),
(328, 45.21, 0),
(329, 46.70, 0),
(330, 49.90, 0),
(331, 27.00, 0),
(332, 28.15, 0),
(333, 33.50, 0),
(334, 35.50, 0),
(335, 65.00, 0),
(336, 69.00, 0),
(337, 72.40, 0),
(338, 76.10, 0),
(339, 72.40, 0),
(340, 76.10, 0),
(341, 72.40, 0),
(342, 76.10, 0),
(343, 72.40, 0),
(344, 76.10, 0),
(345, 72.40, 0),
(346, 76.10, 0),
(347, 72.40, 0),
(348, 76.10, 0),
(349, 88.00, 0),
(350, 93.10, 0),
(351, 52.30, 0),
(352, 55.96, 0),
(353, 70.50, 0),
(354, 75.43, 0),
(355, 47.20, 0),
(356, 44.90, 0),
(357, 155.70, 0),
(358, 166.90, 0),
(359, 89.26, 0),
(360, 93.76, 0),
(361, 94.52, 0),
(362, 99.24, 0),
(363, 99.76, 0),
(364, 104.75, 0),
(365, 93.16, 0),
(366, 94.75, 0),
(367, 99.24, 0),
(368, 99.74, 0),
(369, 104.73, 0),
(370, 104.75, 0),
(371, 89.26, 0),
(372, 93.72, 0),
(373, 94.52, 0),
(374, 99.24, 0),
(375, 99.76, 0),
(376, 104.75, 0),
(377, 94.75, 0),
(378, 94.75, 0),
(379, 99.74, 0),
(380, 99.74, 0),
(381, 104.73, 0),
(382, 104.73, 0),
(383, 29.70, 0),
(384, 30.80, 0),
(385, 24.20, 0),
(386, 25.50, 0),
(387, 72.19, 0),
(388, 75.84, 0),
(389, 8.18, 0),
(390, 8.50, 0),
(391, 22.40, 0),
(392, 23.90, 0),
(393, 45.70, 0),
(394, 47.10, 0),
(395, 94.90, 0),
(396, 99.70, 0),
(397, 75.20, 0),
(398, 79.00, 0),
(399, 26.20, 0),
(400, 27.50, 0),
(401, 42.50, 0),
(402, 45.47, 0),
(403, 291.60, 0),
(404, 311.40, 0),
(405, 244.80, 0),
(406, 250.70, 0),
(407, 229.10, 0),
(408, 244.70, 0),
(409, 187.60, 0),
(410, 196.20, 0),
(411, 21.31, 0),
(412, 22.14, 0),
(413, 14.90, 0),
(414, 15.49, 0),
(415, 9.50, 0),
(416, 9.96, 0),
(417, 8.50, 0),
(418, 8.85, 0),
(419, 10.50, 0),
(420, 11.23, 0),
(421, 12.00, 0),
(422, 12.84, 0),
(423, 41.30, 0),
(424, 44.19, 0),
(425, 46.00, 0),
(426, 49.22, 0),
(427, 46.96, 0),
(428, 49.30, 0),
(429, 34.75, 0),
(430, 37.18, 0),
(431, 22.46, 0),
(432, 23.58, 0),
(433, 94.00, 0),
(434, 98.78, 0),
(435, 40.00, 0),
(436, 42.80, 0),
(437, 19.68, 0),
(438, 21.12, 0),
(439, 35.16, 0),
(440, 37.79, 0),
(441, 94.00, 0),
(442, 98.70, 0),
(443, 14.20, 0),
(444, 15.20, 0),
(445, 15.50, 0),
(446, 15.92, 0),
(447, 14.36, 0),
(448, 15.39, 0),
(449, 14.70, 0),
(450, 15.72, 0),
(451, 11.00, 0),
(452, 11.77, 0),
(453, 11.76, 0),
(454, 12.64, 0),
(455, 16.51, 0),
(456, 17.76, 0),
(457, 148.30, 0),
(458, 155.70, 0),
(459, 148.30, 0),
(460, 155.70, 0),
(461, 36.20, 0),
(462, 38.03, 0),
(463, 18.42, 0),
(464, 19.80, 0),
(465, 30.68, 0),
(466, 32.21, 0),
(467, 50.74, 0),
(468, 54.54, 0),
(469, 15.26, 0),
(470, 16.40, 0),
(471, 12.76, 0),
(472, 13.71, 0),
(473, 20.50, 0),
(474, 22.03, 0),
(475, 17.40, 0),
(476, 18.37, 0),
(477, 26.00, 0),
(478, 27.95, 0),
(479, 15.10, 0),
(480, 15.80, 0),
(481, 36.90, 0),
(482, 39.48, 0),
(483, 28.70, 0),
(484, 30.70, 0),
(485, 26.00, 0),
(486, 27.95, 0),
(487, 21.80, 0),
(488, 22.90, 0),
(489, 23.84, 0),
(490, 25.62, 0),
(491, 18.10, 0),
(492, 19.00, 0),
(493, 19.80, 0),
(494, 21.18, 0),
(495, 15.80, 0),
(496, 16.90, 0),
(497, 25.00, 0),
(498, 26.75, 0),
(499, 18.89, 0),
(500, 19.80, 0),
(501, 26.10, 0),
(502, 27.40, 0),
(503, 24.28, 0),
(504, 25.98, 0),
(505, 18.54, 0),
(506, 19.81, 0),
(507, 34.75, 0),
(508, 37.18, 0),
(509, 10.90, 0),
(510, 11.66, 0),
(511, 19.40, 0),
(512, 20.75, 0),
(513, 22.17, 0),
(514, 23.72, 0),
(515, 32.20, 0),
(516, 34.45, 0),
(517, 26.00, 0),
(518, 27.82, 0),
(519, 28.80, 0),
(520, 30.81, 0),
(521, 24.00, 0),
(522, 25.20, 0),
(523, 22.56, 0),
(524, 23.50, 0),
(525, 123.64, 0),
(526, 132.86, 0),
(527, 23.00, 0),
(528, 30.81, 0),
(529, 25.02, 0),
(530, 27.55, 0),
(531, 39.55, 0),
(532, 41.20, 0),
(533, 57.50, 0),
(534, 61.52, 0),
(535, 153.40, 0),
(536, 161.10, 0),
(537, 120.00, 0),
(538, 130.00, 0),
(539, 133.40, 0),
(540, 142.30, 0),
(541, 182.20, 0),
(542, 191.60, 0),
(543, 346.12, 0),
(544, 365.35, 0),
(545, 311.99, 0),
(546, 329.31, 0),
(547, 297.92, 0),
(548, 312.81, 0),
(549, 713.78, 0),
(550, 766.01, 0),
(551, 518.00, 0),
(552, 557.90, 0),
(553, 549.70, 0),
(554, 590.92, 0),
(555, 713.78, 0),
(556, 766.01, 0),
(557, 507.60, 0),
(558, 545.67, 0),
(559, 518.00, 0),
(560, 557.90, 0),
(561, 549.70, 0),
(562, 590.92, 0),
(563, 128.80, 0),
(564, 138.46, 0),
(565, 125.00, 0),
(566, 135.00, 0),
(567, 130.00, 0),
(568, 140.00, 0),
(569, 135.00, 0),
(570, 145.00, 0),
(571, 139.96, 0),
(572, 150.00, 0),
(573, 9.20, 0),
(574, 9.70, 0),
(575, 17.60, 0),
(576, 18.40, 0),
(577, 120.00, 0),
(578, 130.00, 0),
(579, 20.38, 0),
(580, 21.34, 0),
(581, 75.90, 0),
(582, 81.21, 0),
(583, 361.70, 0),
(584, 379.70, 0),
(585, 64.30, 0),
(586, 67.60, 0),
(587, 61.54, 0),
(588, 64.61, 0),
(589, 28.49, 0),
(590, 30.53, 0),
(591, 64.30, 0),
(592, 67.60, 0),
(593, 64.30, 0),
(594, 67.60, 0),
(595, 165.00, 0),
(596, 175.00, 0),
(597, 276.20, 0),
(598, 290.00, 0),
(599, 90.00, 0),
(600, 100.03, 0),
(601, 5.06, 0),
(602, 5.32, 0),
(603, 5.83, 0),
(604, 6.12, 0),
(605, 11.04, 0),
(606, 11.80, 0),
(607, 17.32, 0),
(608, 18.04, 0),
(609, 18.04, 0),
(610, 18.76, 0),
(611, 21.34, 0),
(612, 22.40, 0),
(613, 32.54, 0),
(614, 34.16, 0),
(615, 20.64, 0),
(616, 23.13, 0),
(617, 9.50, 0),
(618, 9.97, 0),
(619, 11.50, 0),
(620, 12.30, 0),
(621, 14.98, 0),
(622, 16.10, 0),
(623, 11.76, 0),
(624, 12.64, 0),
(625, 11.76, 0),
(626, 12.64, 0),
(627, 6199.00, 0),
(628, 6586.00, 0),
(629, 9.44, 0),
(630, 10.10, 0),
(631, 68.36, 0),
(632, 71.77, 0),
(633, 104.25, 0),
(634, 110.40, 0),
(635, 50.08, 0),
(636, 53.74, 0),
(637, 64.80, 0),
(638, 69.60, 0),
(639, 107.80, 0),
(640, 110.37, 0),
(641, 10.30, 0),
(642, 11.02, 0),
(643, 11.50, 0),
(644, 12.30, 0),
(645, 141.78, 0),
(646, 148.80, 0),
(647, 13.00, 0),
(648, 14.00, 0),
(649, 9.44, 0),
(650, 10.10, 0),
(651, 215.00, 0),
(652, 230.00, 0),
(653, 12.00, 0),
(654, 13.50, 0),
(655, 57.00, 0),
(656, 64.00, 0),
(657, 57.00, 0),
(658, 64.00, 0),
(659, 57.00, 0),
(660, 64.00, 0),
(661, 187.70, 0),
(662, 196.20, 0),
(663, 28.49, 0),
(664, 30.53, 0),
(665, 163.30, 0),
(666, 170.70, 0),
(667, 28.49, 0),
(668, 30.53, 0),
(669, 87.00, 0),
(670, 91.20, 0),
(671, 28.49, 0),
(672, 30.53, 0),
(673, 113.30, 0),
(674, 121.79, 0),
(675, 155.00, 0),
(676, 165.00, 0),
(677, 14.68, 0),
(678, 16.00, 0),
(679, 17.47, 0),
(680, 18.90, 0),
(681, 14.68, 0),
(682, 16.00, 0),
(683, 9.44, 0),
(684, 10.10, 0),
(685, 9.44, 0),
(686, 10.10, 0),
(687, 17.47, 0),
(688, 18.90, 0),
(689, 9.44, 0),
(690, 10.10, 0),
(691, 17.47, 0),
(692, 18.90, 0),
(693, 94.00, 0),
(694, 98.70, 0),
(695, 134.90, 0),
(696, 148.30, 0),
(697, 100.70, 0),
(698, 115.00, 0),
(699, 23.50, 0),
(700, 24.70, 0),
(701, 35.90, 0),
(702, 38.00, 0),
(703, 53.90, 0),
(704, 56.50, 0),
(705, 53.10, 0),
(706, 57.08, 0),
(737, 22.48, 0),
(738, 24.16, 0),
(745, 47.90, 0),
(746, 51.25, 0),
(749, 1222.00, 0),
(750, 1222.00, 0),
(751, 1222.00, 0),
(752, 1222.00, 0),
(757, 24.40, 0),
(758, 25.50, 0),
(759, 8.20, 0),
(760, 8.61, 0),
(761, 36.74, 0),
(762, 38.50, 0),
(763, 58.14, 0),
(764, 61.04, 0),
(765, 58.14, 0),
(766, 61.04, 0),
(767, 44.40, 0),
(768, 46.62, 0),
(769, 61.54, 0),
(770, 64.61, 0),
(771, 27.20, 0),
(772, 28.50, 0),
(773, 125.00, 0),
(774, 135.00, 0),
(775, 195.60, 0),
(776, 205.40, 0),
(777, 83.10, 0),
(778, 87.10, 0),
(779, 129.00, 0),
(780, 139.00, 0),
(783, 187.60, 0),
(784, 196.20, 0),
(785, 163.10, 0),
(786, 170.07, 0),
(787, 22.50, 0),
(788, 23.50, 0),
(789, 37.60, 0),
(790, 40.23, 0),
(791, 40.70, 0),
(792, 45.68, 0),
(793, 9.40, 0),
(794, 9.90, 0),
(795, 29.90, 0),
(796, 31.30, 0),
(797, 55.90, 0),
(798, 58.50, 0),
(799, 89.60, 0),
(800, 93.90, 0),
(801, 636.40, 0),
(802, 668.20, 0),
(803, 1200.30, 0),
(804, 1263.20, 0),
(805, 10160.00, 0),
(806, 10886.60, 0),
(807, 36.80, 0),
(808, 38.60, 0),
(809, 64.30, 0),
(810, 67.40, 0),
(811, 3357.40, 0),
(812, 3525.30, 0),
(813, 8.20, 0),
(814, 8.61, 0),
(815, 17.60, 0),
(816, 18.40, 0),
(817, 29.10, 0),
(818, 31.13, 0),
(819, 518.00, 0),
(820, 557.90, 0),
(821, 518.00, 0),
(822, 557.90, 0);

-- --------------------------------------------------------

--
-- Estructura de tabla para la tabla `precio_art`
--

CREATE TABLE IF NOT EXISTS `precio_art` (
  `id` int(11) NOT NULL AUTO_INCREMENT,
  `id_art` int(11) NOT NULL,
  `id_precio` int(11) NOT NULL,
  `id_tipo_cliente` int(11) NOT NULL,
  `inactivo` int(11) NOT NULL DEFAULT '0',
  PRIMARY KEY (`id`),
  KEY `id_art_idx` (`id_art`),
  KEY `id_precio_idx` (`id_precio`),
  KEY `id_tipo_cliente_idx` (`id_tipo_cliente`)
) ENGINE=InnoDB  DEFAULT CHARSET=latin1 AUTO_INCREMENT=735 ;

--
-- Volcado de datos para la tabla `precio_art`
--

INSERT INTO `precio_art` (`id`, `id_art`, `id_precio`, `id_tipo_cliente`, `inactivo`) VALUES
(1, 1, 1, 1, 0),
(2, 1, 2, 2, 0),
(3, 2, 3, 1, 0),
(4, 2, 4, 2, 0),
(5, 3, 5, 1, 0),
(6, 3, 6, 2, 0),
(7, 4, 9, 1, 0),
(8, 4, 10, 2, 0),
(9, 5, 11, 1, 0),
(10, 5, 12, 2, 0),
(11, 6, 13, 1, 0),
(12, 6, 14, 2, 0),
(13, 7, 15, 1, 0),
(14, 7, 16, 2, 0),
(15, 8, 17, 1, 0),
(16, 8, 18, 2, 0),
(17, 9, 19, 1, 0),
(18, 9, 20, 2, 0),
(19, 10, 21, 1, 0),
(20, 10, 22, 2, 0),
(21, 11, 23, 1, 0),
(22, 11, 24, 2, 0),
(23, 12, 33, 1, 0),
(24, 12, 34, 2, 0),
(25, 13, 35, 1, 0),
(26, 13, 36, 2, 0),
(27, 14, 37, 1, 0),
(28, 14, 38, 2, 0),
(29, 15, 39, 1, 0),
(30, 15, 40, 2, 0),
(31, 16, 41, 1, 0),
(32, 16, 42, 2, 0),
(33, 17, 43, 1, 0),
(34, 17, 44, 2, 0),
(35, 18, 45, 1, 0),
(36, 18, 46, 2, 0),
(37, 19, 47, 1, 0),
(38, 19, 48, 2, 0),
(39, 20, 49, 1, 0),
(40, 20, 50, 2, 0),
(41, 21, 51, 1, 0),
(42, 21, 52, 2, 0),
(43, 22, 53, 1, 0),
(44, 22, 54, 2, 0),
(45, 23, 55, 1, 0),
(46, 23, 56, 2, 0),
(55, 28, 65, 1, 0),
(56, 28, 66, 2, 0),
(57, 29, 67, 1, 0),
(58, 29, 68, 2, 0),
(59, 30, 69, 1, 0),
(60, 30, 70, 2, 0),
(61, 31, 71, 1, 0),
(62, 31, 72, 2, 0),
(63, 32, 73, 1, 0),
(64, 32, 74, 2, 0),
(65, 33, 75, 1, 0),
(66, 33, 76, 2, 0),
(67, 34, 77, 1, 0),
(68, 34, 78, 2, 0),
(69, 35, 79, 1, 0),
(70, 35, 80, 2, 0),
(71, 36, 81, 1, 0),
(72, 36, 82, 2, 0),
(73, 37, 83, 1, 0),
(74, 37, 84, 2, 0),
(75, 38, 85, 1, 0),
(76, 38, 86, 2, 0),
(77, 39, 87, 1, 0),
(78, 39, 88, 2, 0),
(79, 40, 89, 1, 0),
(80, 40, 90, 2, 0),
(81, 41, 91, 1, 0),
(82, 41, 92, 2, 0),
(83, 42, 93, 1, 0),
(84, 42, 94, 2, 0),
(85, 43, 95, 1, 0),
(86, 43, 96, 2, 0),
(87, 44, 97, 1, 0),
(88, 44, 98, 2, 0),
(89, 45, 99, 1, 0),
(90, 45, 100, 2, 0),
(91, 46, 101, 1, 0),
(92, 46, 102, 2, 0),
(93, 47, 103, 1, 0),
(94, 47, 104, 2, 0),
(95, 48, 105, 1, 0),
(96, 48, 106, 2, 0),
(97, 49, 107, 1, 0),
(98, 49, 108, 2, 0),
(99, 50, 109, 1, 0),
(100, 50, 110, 2, 0),
(101, 51, 111, 1, 0),
(102, 51, 112, 2, 0),
(103, 52, 113, 1, 0),
(104, 52, 114, 2, 0),
(105, 53, 115, 1, 0),
(106, 53, 116, 2, 0),
(107, 54, 117, 1, 0),
(108, 54, 118, 2, 0),
(109, 55, 119, 1, 0),
(110, 55, 120, 2, 0),
(111, 56, 121, 1, 0),
(112, 56, 122, 2, 0),
(113, 57, 123, 1, 0),
(114, 57, 124, 2, 0),
(115, 58, 125, 1, 0),
(116, 58, 126, 2, 0),
(117, 59, 137, 1, 0),
(118, 59, 138, 2, 0),
(119, 60, 139, 1, 0),
(120, 60, 140, 2, 0),
(121, 61, 141, 1, 0),
(122, 61, 142, 2, 0),
(123, 62, 143, 1, 0),
(124, 62, 144, 2, 0),
(125, 63, 145, 1, 0),
(126, 63, 146, 2, 0),
(127, 64, 147, 1, 0),
(128, 64, 148, 2, 0),
(129, 65, 149, 1, 0),
(130, 65, 150, 2, 0),
(131, 66, 151, 1, 0),
(132, 66, 152, 2, 0),
(133, 67, 153, 1, 0),
(134, 67, 154, 2, 0),
(135, 68, 155, 1, 0),
(136, 68, 156, 2, 0),
(137, 69, 157, 1, 0),
(138, 69, 158, 2, 0),
(139, 70, 159, 1, 0),
(140, 70, 160, 2, 0),
(141, 71, 161, 1, 0),
(142, 71, 162, 2, 0),
(143, 72, 163, 1, 0),
(144, 72, 164, 2, 0),
(145, 73, 165, 1, 0),
(146, 73, 166, 2, 0),
(147, 74, 167, 1, 0),
(148, 74, 168, 2, 0),
(149, 75, 169, 1, 0),
(150, 75, 170, 2, 0),
(151, 76, 171, 1, 0),
(152, 76, 172, 2, 0),
(153, 77, 173, 1, 0),
(154, 77, 174, 2, 0),
(155, 78, 175, 1, 0),
(156, 78, 176, 2, 0),
(157, 79, 177, 1, 0),
(158, 79, 178, 2, 0),
(159, 80, 179, 1, 0),
(160, 80, 180, 2, 0),
(161, 81, 181, 1, 0),
(162, 81, 182, 2, 0),
(163, 82, 183, 1, 0),
(164, 82, 184, 2, 0),
(165, 83, 185, 1, 0),
(166, 83, 186, 2, 0),
(167, 84, 187, 1, 0),
(168, 84, 188, 2, 0),
(169, 85, 191, 1, 0),
(170, 85, 192, 2, 0),
(171, 86, 193, 1, 0),
(172, 86, 194, 2, 0),
(173, 87, 195, 1, 0),
(174, 87, 196, 2, 0),
(175, 88, 197, 1, 0),
(176, 88, 198, 2, 0),
(177, 89, 199, 1, 0),
(178, 89, 200, 2, 0),
(179, 90, 203, 1, 0),
(180, 90, 204, 2, 0),
(181, 91, 205, 1, 0),
(182, 91, 206, 2, 0),
(183, 92, 207, 1, 0),
(184, 92, 208, 2, 0),
(185, 93, 209, 1, 0),
(186, 93, 210, 2, 0),
(187, 94, 211, 1, 0),
(188, 94, 212, 2, 0),
(189, 95, 213, 1, 0),
(190, 95, 214, 2, 0),
(191, 96, 215, 1, 0),
(192, 96, 216, 2, 0),
(193, 97, 217, 1, 0),
(194, 97, 218, 2, 0),
(195, 98, 219, 1, 0),
(196, 98, 220, 2, 0),
(197, 99, 221, 1, 0),
(198, 99, 222, 2, 0),
(199, 100, 223, 1, 0),
(200, 100, 224, 2, 0),
(201, 101, 225, 1, 0),
(202, 101, 226, 2, 0),
(203, 102, 227, 1, 0),
(204, 102, 228, 2, 0),
(205, 103, 229, 1, 0),
(206, 103, 230, 2, 0),
(207, 104, 231, 1, 0),
(208, 104, 232, 2, 0),
(209, 105, 233, 1, 0),
(210, 105, 234, 2, 0),
(211, 106, 235, 1, 0),
(212, 106, 236, 2, 0),
(213, 107, 237, 1, 0),
(214, 107, 238, 2, 0),
(215, 108, 239, 1, 0),
(216, 108, 240, 2, 0),
(217, 109, 241, 1, 0),
(218, 109, 242, 2, 0),
(219, 110, 243, 1, 0),
(220, 110, 244, 2, 0),
(221, 111, 245, 1, 0),
(222, 111, 246, 2, 0),
(223, 112, 247, 1, 0),
(224, 112, 248, 2, 0),
(225, 113, 249, 1, 0),
(226, 113, 250, 2, 0),
(227, 114, 251, 1, 0),
(228, 114, 252, 2, 0),
(229, 115, 253, 1, 0),
(230, 115, 254, 2, 0),
(231, 116, 255, 1, 0),
(232, 116, 256, 2, 0),
(233, 117, 257, 1, 0),
(234, 117, 258, 2, 0),
(235, 118, 259, 1, 0),
(236, 118, 260, 2, 0),
(237, 119, 261, 1, 0),
(238, 119, 262, 2, 0),
(239, 120, 263, 1, 0),
(240, 120, 264, 2, 0),
(241, 121, 265, 1, 0),
(242, 121, 266, 2, 0),
(243, 122, 267, 1, 0),
(244, 122, 268, 2, 0),
(245, 123, 269, 1, 0),
(246, 123, 270, 2, 0),
(247, 124, 271, 1, 0),
(248, 124, 272, 2, 0),
(249, 125, 273, 1, 0),
(250, 125, 274, 2, 0),
(251, 126, 275, 1, 0),
(252, 126, 276, 2, 0),
(253, 127, 277, 1, 0),
(254, 127, 278, 2, 0),
(255, 128, 279, 1, 0),
(256, 128, 280, 2, 0),
(257, 129, 281, 1, 0),
(258, 129, 282, 2, 0),
(259, 130, 283, 1, 0),
(260, 130, 284, 2, 0),
(261, 131, 285, 1, 0),
(262, 131, 286, 2, 0),
(263, 132, 287, 1, 0),
(264, 132, 288, 2, 0),
(265, 133, 289, 1, 0),
(266, 133, 290, 2, 0),
(267, 134, 291, 1, 0),
(268, 134, 292, 2, 0),
(269, 135, 293, 1, 0),
(270, 135, 294, 2, 0),
(271, 136, 295, 1, 0),
(272, 136, 296, 2, 0),
(273, 137, 297, 1, 0),
(274, 137, 298, 2, 0),
(275, 138, 299, 1, 0),
(276, 138, 300, 2, 0),
(277, 139, 301, 1, 0),
(278, 139, 302, 2, 0),
(279, 140, 303, 1, 0),
(280, 140, 304, 2, 0),
(281, 141, 305, 1, 0),
(282, 141, 306, 2, 0),
(283, 142, 307, 1, 0),
(284, 142, 308, 2, 0),
(285, 143, 309, 1, 0),
(286, 143, 310, 2, 0),
(289, 145, 313, 1, 0),
(290, 145, 314, 2, 0),
(291, 146, 315, 1, 0),
(292, 146, 316, 2, 0),
(293, 147, 317, 1, 0),
(294, 147, 318, 2, 0),
(295, 148, 319, 1, 0),
(296, 148, 320, 2, 0),
(297, 149, 321, 1, 0),
(298, 149, 322, 2, 0),
(299, 150, 323, 1, 0),
(300, 150, 324, 2, 0),
(301, 151, 325, 1, 0),
(302, 151, 326, 2, 0),
(303, 152, 327, 1, 0),
(304, 152, 328, 2, 0),
(305, 153, 329, 1, 0),
(306, 153, 330, 2, 0),
(307, 154, 333, 1, 0),
(308, 154, 334, 2, 0),
(309, 155, 335, 1, 0),
(310, 155, 336, 2, 0),
(311, 156, 337, 1, 0),
(312, 156, 338, 2, 0),
(313, 157, 339, 1, 0),
(314, 157, 340, 2, 0),
(315, 158, 341, 1, 0),
(316, 158, 342, 2, 0),
(317, 159, 343, 1, 0),
(318, 159, 344, 2, 0),
(319, 160, 345, 1, 0),
(320, 160, 346, 2, 0),
(321, 161, 347, 1, 0),
(322, 161, 348, 2, 0),
(323, 162, 349, 1, 0),
(324, 162, 350, 2, 0),
(325, 163, 351, 1, 0),
(326, 163, 352, 2, 0),
(327, 164, 353, 1, 0),
(328, 164, 354, 2, 0),
(329, 165, 355, 1, 0),
(330, 165, 356, 2, 0),
(331, 166, 357, 1, 0),
(332, 166, 358, 2, 0),
(333, 167, 359, 1, 0),
(334, 167, 360, 2, 0),
(335, 168, 361, 1, 0),
(336, 168, 362, 2, 0),
(337, 169, 363, 1, 0),
(338, 169, 364, 2, 0),
(339, 170, 365, 1, 0),
(340, 170, 366, 2, 0),
(341, 171, 367, 1, 0),
(342, 171, 368, 2, 0),
(343, 172, 369, 1, 0),
(344, 172, 370, 2, 0),
(345, 173, 371, 1, 0),
(346, 173, 372, 2, 0),
(347, 174, 373, 1, 0),
(348, 174, 374, 2, 0),
(349, 175, 375, 1, 0),
(350, 175, 376, 2, 0),
(351, 176, 377, 1, 0),
(352, 176, 378, 2, 0),
(353, 177, 379, 1, 0),
(354, 177, 380, 2, 0),
(355, 178, 381, 1, 0),
(356, 178, 382, 2, 0),
(357, 179, 383, 1, 0),
(358, 179, 384, 2, 0),
(359, 180, 385, 1, 0),
(360, 180, 386, 2, 0),
(361, 181, 387, 1, 0),
(362, 181, 388, 2, 0),
(363, 182, 391, 1, 0),
(364, 182, 392, 2, 0),
(365, 183, 393, 1, 0),
(366, 183, 394, 2, 0),
(367, 184, 395, 1, 0),
(368, 184, 396, 2, 0),
(369, 185, 397, 1, 0),
(370, 185, 398, 2, 0),
(371, 186, 399, 1, 0),
(372, 186, 400, 2, 0),
(373, 187, 401, 1, 0),
(374, 187, 402, 2, 0),
(375, 188, 403, 1, 0),
(376, 188, 404, 2, 0),
(377, 189, 405, 1, 0),
(378, 189, 406, 2, 0),
(379, 190, 407, 1, 0),
(380, 190, 408, 2, 0),
(381, 191, 409, 1, 0),
(382, 191, 410, 2, 0),
(383, 192, 411, 1, 0),
(384, 192, 412, 2, 0),
(385, 193, 413, 1, 0),
(386, 193, 414, 2, 0),
(387, 194, 415, 1, 0),
(388, 194, 416, 2, 0),
(389, 195, 417, 1, 0),
(390, 195, 418, 2, 0),
(391, 196, 419, 1, 0),
(392, 196, 420, 2, 0),
(393, 197, 421, 1, 0),
(394, 197, 422, 2, 0),
(395, 198, 423, 1, 0),
(396, 198, 424, 2, 0),
(397, 199, 425, 1, 0),
(398, 199, 426, 2, 0),
(399, 200, 427, 1, 0),
(400, 200, 428, 2, 0),
(401, 201, 431, 1, 0),
(402, 201, 432, 2, 0),
(403, 202, 433, 1, 0),
(404, 202, 434, 2, 0),
(405, 203, 435, 1, 0),
(406, 203, 436, 2, 0),
(407, 204, 439, 1, 0),
(408, 204, 440, 2, 0),
(409, 205, 441, 1, 0),
(410, 205, 442, 2, 0),
(411, 206, 445, 1, 0),
(412, 206, 446, 2, 0),
(413, 207, 447, 1, 0),
(414, 207, 448, 2, 0),
(415, 208, 449, 1, 0),
(416, 208, 450, 2, 0),
(417, 209, 451, 1, 0),
(418, 209, 452, 2, 0),
(419, 210, 453, 1, 0),
(420, 210, 454, 2, 0),
(421, 211, 457, 1, 0),
(422, 211, 458, 2, 0),
(423, 212, 459, 1, 0),
(424, 212, 460, 2, 0),
(425, 213, 461, 1, 0),
(426, 213, 462, 2, 0),
(427, 214, 463, 1, 0),
(428, 214, 464, 2, 0),
(429, 215, 465, 1, 0),
(430, 215, 466, 2, 0),
(431, 216, 467, 1, 0),
(432, 216, 468, 2, 0),
(433, 217, 469, 1, 0),
(434, 217, 470, 2, 0),
(435, 218, 471, 1, 0),
(436, 218, 472, 2, 0),
(437, 219, 473, 1, 0),
(438, 219, 474, 2, 0),
(439, 220, 475, 1, 0),
(440, 220, 476, 2, 0),
(441, 221, 477, 1, 0),
(442, 221, 478, 2, 0),
(443, 222, 479, 1, 0),
(444, 222, 480, 2, 0),
(445, 223, 481, 1, 0),
(446, 223, 482, 2, 0),
(447, 224, 483, 1, 0),
(448, 224, 484, 2, 0),
(449, 225, 485, 1, 0),
(450, 225, 486, 2, 0),
(451, 226, 487, 1, 0),
(452, 226, 488, 2, 0),
(453, 227, 489, 1, 0),
(454, 227, 490, 2, 0),
(455, 228, 491, 1, 0),
(456, 228, 492, 2, 0),
(457, 229, 493, 1, 0),
(458, 229, 494, 2, 0),
(459, 230, 495, 1, 0),
(460, 230, 496, 2, 0),
(461, 231, 497, 1, 0),
(462, 231, 498, 2, 0),
(463, 232, 499, 1, 0),
(464, 232, 500, 2, 0),
(465, 233, 501, 1, 0),
(466, 233, 502, 2, 0),
(467, 234, 503, 1, 0),
(468, 234, 504, 2, 0),
(469, 235, 505, 1, 0),
(470, 235, 506, 2, 0),
(471, 236, 507, 1, 0),
(472, 236, 508, 2, 0),
(473, 237, 509, 1, 0),
(474, 237, 510, 2, 0),
(475, 238, 511, 1, 0),
(476, 238, 512, 2, 0),
(477, 239, 513, 1, 0),
(478, 239, 514, 2, 0),
(479, 240, 515, 1, 0),
(480, 240, 516, 2, 0),
(481, 241, 517, 1, 0),
(482, 241, 518, 2, 0),
(483, 242, 519, 1, 0),
(484, 242, 520, 2, 0),
(485, 243, 521, 1, 0),
(486, 243, 522, 2, 0),
(487, 244, 523, 1, 0),
(488, 244, 524, 2, 0),
(489, 245, 527, 1, 0),
(490, 245, 528, 2, 0),
(491, 246, 529, 1, 0),
(492, 246, 530, 2, 0),
(493, 247, 531, 1, 0),
(494, 247, 532, 2, 0),
(495, 248, 533, 1, 0),
(496, 248, 534, 2, 0),
(497, 249, 535, 1, 0),
(498, 249, 536, 2, 0),
(499, 250, 537, 1, 0),
(500, 250, 538, 2, 0),
(501, 251, 539, 1, 0),
(502, 251, 540, 2, 0),
(503, 252, 541, 1, 0),
(504, 252, 542, 2, 0),
(505, 253, 543, 1, 0),
(506, 253, 544, 2, 0),
(507, 254, 545, 1, 0),
(508, 254, 546, 2, 0),
(509, 255, 547, 1, 0),
(510, 255, 548, 2, 0),
(511, 256, 549, 1, 0),
(512, 256, 550, 2, 0),
(513, 257, 551, 1, 0),
(514, 257, 552, 2, 0),
(515, 258, 553, 1, 0),
(516, 258, 554, 2, 0),
(517, 259, 555, 1, 0),
(518, 259, 556, 2, 0),
(519, 260, 557, 1, 0),
(520, 260, 558, 2, 0),
(521, 261, 559, 1, 0),
(522, 261, 560, 2, 0),
(523, 262, 561, 1, 0),
(524, 262, 562, 2, 0),
(525, 263, 563, 1, 0),
(526, 263, 564, 2, 0),
(527, 264, 565, 1, 0),
(528, 264, 566, 2, 0),
(529, 265, 567, 1, 0),
(530, 265, 568, 2, 0),
(531, 266, 569, 1, 0),
(532, 266, 570, 2, 0),
(533, 267, 571, 1, 0),
(534, 267, 572, 2, 0),
(535, 268, 573, 1, 0),
(536, 268, 574, 2, 0),
(537, 269, 575, 1, 0),
(538, 269, 576, 2, 0),
(539, 270, 577, 1, 0),
(540, 270, 578, 2, 0),
(541, 271, 579, 1, 0),
(542, 271, 580, 2, 0),
(543, 272, 581, 1, 0),
(544, 272, 582, 2, 0),
(545, 273, 583, 1, 0),
(546, 273, 584, 2, 0),
(547, 274, 585, 1, 0),
(548, 274, 586, 2, 0),
(549, 275, 587, 1, 0),
(550, 275, 588, 2, 0),
(551, 276, 589, 1, 0),
(552, 276, 590, 2, 0),
(553, 277, 591, 1, 0),
(554, 277, 592, 2, 0),
(555, 278, 593, 1, 0),
(556, 278, 594, 2, 0),
(557, 279, 595, 1, 0),
(558, 279, 596, 2, 0),
(559, 280, 597, 1, 0),
(560, 280, 598, 2, 0),
(561, 281, 599, 1, 0),
(562, 281, 600, 2, 0),
(563, 282, 611, 1, 0),
(564, 282, 612, 2, 0),
(565, 283, 613, 1, 0),
(566, 283, 614, 2, 0),
(567, 284, 615, 1, 0),
(568, 284, 616, 2, 0),
(569, 285, 617, 1, 0),
(570, 285, 618, 2, 0),
(571, 286, 619, 1, 0),
(572, 286, 620, 2, 0),
(573, 287, 621, 1, 0),
(574, 287, 622, 2, 0),
(575, 288, 623, 1, 0),
(576, 288, 624, 2, 0),
(577, 289, 625, 1, 0),
(578, 289, 626, 2, 0),
(579, 290, 627, 1, 0),
(580, 290, 628, 2, 0),
(581, 291, 629, 1, 0),
(582, 291, 630, 2, 0),
(583, 292, 631, 1, 0),
(584, 292, 632, 2, 0),
(585, 293, 633, 1, 0),
(586, 293, 634, 2, 0),
(587, 294, 635, 1, 0),
(588, 294, 636, 2, 0),
(589, 295, 637, 1, 0),
(590, 295, 638, 2, 0),
(591, 296, 639, 1, 0),
(592, 296, 640, 2, 0),
(593, 297, 641, 1, 0),
(594, 297, 642, 2, 0),
(595, 298, 643, 1, 0),
(596, 298, 644, 2, 0),
(597, 299, 645, 1, 0),
(598, 299, 646, 2, 0),
(599, 300, 647, 1, 0),
(600, 300, 648, 2, 0),
(601, 301, 649, 1, 0),
(602, 301, 650, 2, 0),
(603, 302, 651, 1, 0),
(604, 302, 652, 2, 0),
(605, 303, 653, 1, 0),
(606, 303, 654, 2, 0),
(607, 304, 655, 1, 0),
(608, 304, 656, 2, 0),
(609, 305, 657, 1, 0),
(610, 305, 658, 2, 0),
(611, 306, 659, 1, 0),
(612, 306, 660, 2, 0),
(613, 307, 661, 1, 0),
(614, 307, 662, 2, 0),
(615, 308, 663, 1, 0),
(616, 308, 664, 2, 0),
(617, 309, 665, 1, 0),
(618, 309, 666, 2, 0),
(619, 310, 667, 1, 0),
(620, 310, 668, 2, 0),
(621, 311, 669, 1, 0),
(622, 311, 670, 2, 0),
(623, 312, 671, 1, 0),
(624, 312, 672, 2, 0),
(625, 313, 673, 1, 0),
(626, 313, 674, 2, 0),
(627, 314, 675, 1, 0),
(628, 314, 676, 2, 0),
(629, 315, 677, 1, 0),
(630, 315, 678, 2, 0),
(631, 316, 679, 1, 0),
(632, 316, 680, 2, 0),
(633, 317, 681, 1, 0),
(634, 317, 682, 2, 0),
(635, 318, 683, 1, 0),
(636, 318, 684, 2, 0),
(637, 319, 685, 1, 0),
(638, 319, 686, 2, 0),
(639, 320, 687, 1, 0),
(640, 320, 688, 2, 0),
(641, 321, 689, 1, 0),
(642, 321, 690, 2, 0),
(643, 322, 691, 1, 0),
(644, 322, 692, 2, 0),
(645, 323, 693, 1, 0),
(646, 323, 694, 2, 0),
(647, 324, 695, 1, 0),
(648, 324, 696, 2, 0),
(649, 325, 697, 1, 0),
(650, 325, 698, 2, 0),
(651, 326, 699, 1, 0),
(652, 326, 700, 2, 0),
(653, 327, 701, 1, 0),
(654, 327, 702, 2, 0),
(655, 328, 703, 1, 0),
(656, 328, 704, 2, 0),
(657, 329, 705, 1, 0),
(658, 329, 706, 2, 0),
(667, 334, 737, 1, 0),
(668, 334, 738, 2, 0),
(675, 338, 745, 1, 0),
(676, 338, 746, 2, 0),
(677, 342, 757, 1, 0),
(678, 342, 758, 2, 0),
(679, 343, 759, 1, 0),
(680, 343, 760, 2, 0),
(681, 344, 761, 1, 0),
(682, 344, 762, 2, 0),
(683, 345, 763, 1, 0),
(684, 345, 764, 2, 0),
(685, 346, 765, 1, 0),
(686, 346, 766, 2, 0),
(687, 347, 767, 1, 0),
(688, 347, 768, 2, 0),
(689, 348, 769, 1, 0),
(690, 348, 770, 2, 0),
(691, 349, 771, 1, 0),
(692, 349, 772, 2, 0),
(693, 350, 773, 1, 0),
(694, 350, 774, 2, 0),
(695, 351, 775, 1, 0),
(696, 351, 776, 2, 0),
(697, 352, 777, 1, 0),
(698, 352, 778, 2, 0),
(699, 353, 779, 1, 0),
(700, 353, 780, 2, 0),
(703, 355, 783, 1, 0),
(704, 355, 784, 2, 0),
(705, 356, 785, 1, 0),
(706, 356, 786, 2, 0),
(707, 357, 787, 1, 0),
(708, 357, 788, 2, 0),
(709, 358, 789, 1, 0),
(710, 358, 790, 2, 0),
(711, 359, 791, 1, 0),
(712, 359, 792, 2, 0),
(713, 360, 793, 1, 0),
(714, 360, 794, 2, 0),
(715, 361, 799, 1, 0),
(716, 361, 800, 2, 0),
(717, 362, 801, 1, 0),
(718, 362, 802, 2, 0),
(719, 363, 803, 1, 0),
(720, 363, 804, 2, 0),
(721, 364, 805, 1, 0),
(722, 364, 806, 2, 0),
(723, 365, 807, 1, 0),
(724, 365, 808, 2, 0),
(725, 366, 809, 1, 0),
(726, 366, 810, 2, 0),
(727, 367, 811, 1, 0),
(728, 367, 812, 2, 0),
(729, 368, 813, 1, 0),
(730, 368, 814, 2, 0),
(731, 369, 815, 1, 0),
(732, 369, 816, 2, 0),
(733, 372, 821, 1, 0),
(734, 372, 822, 2, 0);

-- --------------------------------------------------------

--
-- Estructura de tabla para la tabla `role`
--

CREATE TABLE IF NOT EXISTS `role` (
  `id` int(11) NOT NULL AUTO_INCREMENT,
  `name` varchar(15) NOT NULL,
  PRIMARY KEY (`id`)
) ENGINE=InnoDB  DEFAULT CHARSET=latin1 AUTO_INCREMENT=4 ;

--
-- Volcado de datos para la tabla `role`
--

INSERT INTO `role` (`id`, `name`) VALUES
(1, 'admin'),
(2, 'cliente'),
(3, 'vendedor');

-- --------------------------------------------------------

--
-- Estructura de tabla para la tabla `tipos`
--

CREATE TABLE IF NOT EXISTS `tipos` (
  `id` int(11) NOT NULL AUTO_INCREMENT,
  `id_cat` int(11) NOT NULL,
  `nombre` varchar(100) NOT NULL,
  `inactivo` int(11) NOT NULL DEFAULT '0',
  PRIMARY KEY (`id`),
  KEY `id_cat_idx` (`id_cat`)
) ENGINE=InnoDB  DEFAULT CHARSET=latin1 AUTO_INCREMENT=21 ;

--
-- Volcado de datos para la tabla `tipos`
--

INSERT INTO `tipos` (`id`, `id_cat`, `nombre`, `inactivo`) VALUES
(1, 1, 'comederos', 0),
(2, 1, 'pelotas', 0),
(3, 1, 'Juguetes', 0),
(4, 1, 'Paseadores', 0),
(5, 1, 'grooming', 0),
(6, 1, 'Paseadores', 1),
(7, 1, 'Pecheras', 0),
(8, 1, 'Collares', 0),
(9, 2, 'Bandejas', 0),
(10, 2, 'Juguetes', 0),
(11, 2, 'Accesorios', 0),
(12, 2, 'Arena', 0),
(13, 1, 'Kennels', 0),
(14, 6, 'Accesorios', 0),
(15, 4, 'Adornos', 0),
(16, 1, 'Camas y bolsos', 0),
(17, 1, 'Accesorios', 0),
(18, 1, 'Uso veterinario', 0),
(19, 2, 'Collares', 0),
(20, 5, 'Tortugueras', 0);

-- --------------------------------------------------------

--
-- Estructura de tabla para la tabla `tipo_cliente`
--

CREATE TABLE IF NOT EXISTS `tipo_cliente` (
  `id` int(11) NOT NULL AUTO_INCREMENT,
  `nombre` text NOT NULL,
  `inactivo` int(11) NOT NULL DEFAULT '0',
  PRIMARY KEY (`id`)
) ENGINE=InnoDB  DEFAULT CHARSET=latin1 AUTO_INCREMENT=3 ;

--
-- Volcado de datos para la tabla `tipo_cliente`
--

INSERT INTO `tipo_cliente` (`id`, `nombre`, `inactivo`) VALUES
(1, 'caracas', 0),
(2, 'interior', 0);

-- --------------------------------------------------------

--
-- Estructura de tabla para la tabla `user`
--

CREATE TABLE IF NOT EXISTS `user` (
  `id` bigint(20) NOT NULL AUTO_INCREMENT,
  `email` varchar(100) NOT NULL,
  `password` varchar(205) DEFAULT NULL,
  `location_id` int(11) NOT NULL DEFAULT '1',
  `role_id` int(11) NOT NULL DEFAULT '1',
  `status` varchar(10) NOT NULL DEFAULT 'valid',
  `validation_code` bigint(20) NOT NULL,
  PRIMARY KEY (`id`),
  KEY `location_id_idx` (`location_id`),
  KEY `role_id_idx` (`role_id`)
) ENGINE=InnoDB  DEFAULT CHARSET=latin1 AUTO_INCREMENT=6 ;

--
-- Volcado de datos para la tabla `user`
--

INSERT INTO `user` (`id`, `email`, `password`, `location_id`, `role_id`, `status`, `validation_code`) VALUES
(1, 'cesarvilera8602@gmail.com', '1e5b6dc07d45d90ebf6aa26d9a20114126b4e33e', 1, 1, 'valid', 928113344),
(2, 'marco_vilera@hotmail.com', '4e23f5ddcfbf5b4af7640b1d6bfe9c6932abde54', 1, 1, 'valid', 230725693),
(4, 'mvilera@gmail.com', '4e23f5ddcfbf5b4af7640b1d6bfe9c6932abde54', 1, 2, 'valid', 179544054),
(5, 'cesarvilera8602@hotmail.com', '1e5b6dc07d45d90ebf6aa26d9a20114126b4e33e', 1, 2, 'valid', 939083292);

-- --------------------------------------------------------

--
-- Estructura de tabla para la tabla `vendedor`
--

CREATE TABLE IF NOT EXISTS `vendedor` (
  `id` int(11) NOT NULL AUTO_INCREMENT,
  `id_usuario` int(11) NOT NULL,
  `id_tipo` int(11) NOT NULL,
  `nombre` varchar(150) NOT NULL,
  `inactivo` int(11) NOT NULL DEFAULT '0',
  PRIMARY KEY (`id`)
) ENGINE=InnoDB DEFAULT CHARSET=latin1 AUTO_INCREMENT=1 ;

--
-- Restricciones para tablas volcadas
--

--
-- Filtros para la tabla `articulos`
--
ALTER TABLE `articulos`
  ADD CONSTRAINT `articulos_categoria_categorias_id` FOREIGN KEY (`categoria`) REFERENCES `categorias` (`id`),
  ADD CONSTRAINT `articulos_tipo_tipos_id` FOREIGN KEY (`tipo`) REFERENCES `tipos` (`id`);

--
-- Filtros para la tabla `fotos_art`
--
ALTER TABLE `fotos_art`
  ADD CONSTRAINT `fotos_art_id_art_articulos_id` FOREIGN KEY (`id_art`) REFERENCES `articulos` (`id`),
  ADD CONSTRAINT `fotos_art_id_foto_fotos_id` FOREIGN KEY (`id_foto`) REFERENCES `fotos` (`id`);

--
-- Filtros para la tabla `log`
--
ALTER TABLE `log`
  ADD CONSTRAINT `log_ibfk_1` FOREIGN KEY (`iduser`) REFERENCES `user` (`id`) ON DELETE CASCADE ON UPDATE CASCADE,
  ADD CONSTRAINT `log_ibfk_2` FOREIGN KEY (`idlogtype`) REFERENCES `log_type` (`id`) ON DELETE CASCADE ON UPDATE CASCADE;

--
-- Filtros para la tabla `precio_art`
--
ALTER TABLE `precio_art`
  ADD CONSTRAINT `precio_art_id_art_articulos_id` FOREIGN KEY (`id_art`) REFERENCES `articulos` (`id`),
  ADD CONSTRAINT `precio_art_id_precio_precios_id` FOREIGN KEY (`id_precio`) REFERENCES `precios` (`id`),
  ADD CONSTRAINT `precio_art_id_tipo_cliente_tipo_cliente_id` FOREIGN KEY (`id_tipo_cliente`) REFERENCES `tipo_cliente` (`id`);

--
-- Filtros para la tabla `tipos`
--
ALTER TABLE `tipos`
  ADD CONSTRAINT `tipos_id_cat_categorias_id` FOREIGN KEY (`id_cat`) REFERENCES `categorias` (`id`);

--
-- Filtros para la tabla `user`
--
ALTER TABLE `user`
  ADD CONSTRAINT `user_location_id_location_id` FOREIGN KEY (`location_id`) REFERENCES `location` (`id`),
  ADD CONSTRAINT `user_role_id_role_id` FOREIGN KEY (`role_id`) REFERENCES `role` (`id`);

/*!40101 SET CHARACTER_SET_CLIENT=@OLD_CHARACTER_SET_CLIENT */;
/*!40101 SET CHARACTER_SET_RESULTS=@OLD_CHARACTER_SET_RESULTS */;
/*!40101 SET COLLATION_CONNECTION=@OLD_COLLATION_CONNECTION */;
